POID,SupplierID,ProductID,WarehouseID,OrderDate,PromisedDate,ActualReceiptDate,QtyOrdered,QtyReceived,QtyRejected,UnitCost,FreightCost,OnTimeFlag,DaysLate
5001,1,101,2,2024-01-01,2024-01-08,2024-01-05,2500,2500,0,0.398,44.13,1,-3
5002,1,101,3,2024-01-02,2024-01-09,2024-01-06,500,500,0,0.396,14.86,1,-3
5003,3,108,4,2024-01-03,2024-02-04,2024-02-07,2000,2000,0,1.791,171.13,0,3
5004,1,102,1,2024-01-05,2024-01-12,2024-01-11,1500,1500,0,0.538,53.92,1,-1
5005,3,109,2,2024-01-07,2024-02-08,2024-02-07,1000,1000,0,4.701,198.81,1,-1
5006,2,105,3,2024-01-08,2024-01-18,2024-01-18,500,500,0,2.199,64.04,1,0
5007,6,104,4,2024-01-09,2024-01-18,2024-01-19,2500,2500,0,0.099,18.92,0,1
5008,4,107,1,2024-01-10,2024-01-24,2024-01-22,1000,1000,0,1.271,100.15,1,-2
5009,1,101,2,2024-01-11,2024-01-18,2024-01-17,1000,1000,0,0.402,33.86,1,-1
5010,6,103,3,2024-01-12,2024-01-21,2024-01-20,1000,1000,0,0.197,13.63,1,-1
5011,6,103,4,2024-01-13,2024-01-22,2024-01-19,2000,2000,0,0.203,30.05,1,-3
5012,4,107,1,2024-01-14,2024-01-28,2024-01-27,1500,1500,0,1.228,74.74,1,-1
5013,2,105,2,2024-01-17,2024-01-27,2024-01-25,2500,2500,0,2.101,440.12,1,-2
5014,3,109,3,2024-01-18,2024-02-19,2024-02-18,750,750,0,4.571,171.23,1,-1
5015,6,103,4,2024-01-19,2024-01-28,2024-01-29,2000,2000,0,0.211,19.24,0,1
5016,7,114,1,2024-01-20,2024-02-17,2024-02-14,1000,1000,0,1.388,60.32,1,-3
5017,3,108,2,2024-01-23,2024-02-24,2024-02-24,2000,2000,0,1.773,275.75,1,0
5018,5,111,3,2024-01-26,2024-03-01,2024-03-09,2500,2500,113,3.111,539.88,0,8
5019,6,104,4,2024-01-27,2024-02-05,2024-02-03,500,402,0,0.098,3.22,1,-2
5020,3,108,1,2024-01-28,2024-02-29,2024-02-29,750,750,0,1.833,82.97,1,0
5021,5,111,2,2024-01-29,2024-03-04,2024-03-01,1500,1500,0,3.106,209.29,1,-3
5022,2,106,3,2024-01-30,2024-02-09,2024-02-09,500,500,0,3.374,106.5,1,0
5023,7,113,4,2024-02-01,2024-02-29,2024-02-26,2000,2000,0,0.832,137.17,1,-3
5024,3,108,1,2024-02-02,2024-03-05,2024-03-02,1500,1500,48,1.781,230.62,1,-3
5025,5,112,2,2024-02-04,2024-03-10,2024-03-10,2500,2500,0,5.934,1311.94,1,0
5026,3,109,3,2024-02-05,2024-03-08,2024-03-08,500,500,0,4.668,111.73,1,0
5027,6,103,4,2024-02-07,2024-02-16,2024-02-14,500,500,0,0.205,7.02,1,-2
5028,1,101,1,2024-02-08,2024-02-15,2024-02-14,2000,2000,0,0.391,59.28,1,-1
5029,4,107,2,2024-02-09,2024-02-23,2024-02-22,750,750,0,1.237,37.54,1,-1
5030,8,110,3,2024-02-10,2024-02-22,2024-02-21,500,500,0,2.686,58.34,1,-1
5031,2,105,4,2024-02-11,2024-02-21,2024-02-20,750,750,0,2.12,115.59,1,-1
5032,7,114,1,2024-02-12,2024-03-11,2024-03-09,2000,2000,0,1.396,215.32,1,-2
5033,2,105,2,2024-02-13,2024-02-23,2024-02-22,2000,2000,0,2.077,354.78,1,-1
5034,5,111,3,2024-02-14,2024-03-20,2024-03-19,1500,1500,0,3.238,257.9,1,-1
5035,4,107,4,2024-02-16,2024-03-01,2024-02-28,2000,2000,0,1.165,161.06,1,-2
5036,6,103,1,2024-02-17,2024-02-26,2024-02-23,500,500,0,0.2,5.25,1,-3
5037,7,113,2,2024-02-18,2024-03-17,2024-03-15,2000,2000,0,0.892,85.86,1,-2
5038,4,107,3,2024-02-20,2024-03-05,2024-03-09,500,500,0,1.183,47.64,0,4
5039,7,113,4,2024-02-21,2024-03-20,2024-03-28,2500,2500,0,0.833,131.23,0,8
5040,7,113,1,2024-02-22,2024-03-21,2024-03-21,750,750,0,0.842,55.79,1,0
5041,5,111,2,2024-02-23,2024-03-29,2024-04-07,2000,2000,163,3.119,330.99,0,9
5042,2,105,3,2024-02-24,2024-03-05,2024-03-04,500,500,0,2.057,47.09,1,-1
5043,1,101,4,2024-02-26,2024-03-04,2024-03-02,2500,2500,0,0.404,73.94,1,-2
5044,2,106,1,2024-02-27,2024-03-08,2024-03-07,2500,2500,0,3.557,500.73,1,-1
5045,6,104,2,2024-02-29,2024-03-09,2024-03-07,1500,1500,0,0.103,10.41,1,-2
5046,2,105,3,2024-03-01,2024-03-11,2024-03-10,750,750,0,2.118,80.51,1,-1
5047,4,115,4,2024-03-02,2024-03-16,2024-03-15,2500,2500,0,2.266,293.13,1,-1
5048,7,113,1,2024-03-03,2024-03-31,2024-03-31,750,750,0,0.836,39.36,1,0
5049,5,112,2,2024-03-05,2024-04-09,2024-04-07,2500,2500,182,5.626,1104.13,1,-2
5050,4,107,3,2024-03-06,2024-03-20,2024-03-24,750,631,0,1.183,55.74,0,4
5051,7,113,4,2024-03-10,2024-04-07,2024-04-07,1500,1500,0,0.871,110.87,1,0
5052,2,105,1,2024-03-12,2024-03-22,2024-03-22,750,750,0,2.196,72.26,1,0
5053,2,105,2,2024-03-13,2024-03-23,2024-03-21,1000,1000,0,2.097,99.9,1,-2
5054,4,107,3,2024-03-14,2024-03-28,2024-03-25,1500,1500,0,1.2,153.44,1,-3
5055,5,112,4,2024-03-15,2024-04-19,2024-04-26,500,500,0,5.864,161.06,0,7
5056,4,115,1,2024-03-16,2024-03-30,2024-03-28,1500,1500,0,2.342,225.82,1,-2
5057,5,111,2,2024-03-17,2024-04-21,2024-04-29,2500,2500,0,3.23,538.65,0,8
5058,5,111,3,2024-03-19,2024-04-23,2024-04-23,500,500,22,3.03,95.04,1,0
5059,4,115,4,2024-03-20,2024-04-03,2024-04-07,1500,1500,15,2.289,229.94,0,4
5060,5,111,1,2024-03-22,2024-04-26,2024-04-23,500,500,11,3.225,76.79,1,-3
5061,5,111,2,2024-03-23,2024-04-27,2024-04-26,500,500,31,3.164,122.44,1,-1
5062,7,114,3,2024-03-24,2024-04-21,2024-04-18,750,750,0,1.48,94.8,1,-3
5063,5,112,4,2024-03-25,2024-04-29,2024-04-27,750,750,0,5.47,338.52,1,-2
5064,1,102,1,2024-03-26,2024-04-02,2024-04-02,2000,2000,0,0.572,82.8,1,0
5065,4,107,2,2024-03-27,2024-04-10,2024-04-14,1500,1500,0,1.175,135.17,0,4
5066,7,113,3,2024-03-29,2024-04-26,2024-04-25,2000,2000,0,0.884,153.34,1,-1
5067,3,108,4,2024-03-30,2024-05-01,2024-05-01,750,750,0,1.868,78.81,1,0
5068,2,106,1,2024-03-31,2024-04-10,2024-04-09,1000,1000,0,3.402,168.58,1,-1
5069,4,107,2,2024-04-01,2024-04-15,2024-04-15,1500,1500,0,1.224,146.23,1,0
5070,6,104,3,2024-04-02,2024-04-11,2024-04-10,1500,1500,0,0.103,9.47,1,-1
5071,5,112,4,2024-04-04,2024-05-09,2024-05-06,1500,1500,0,5.569,644.42,1,-3
5072,5,112,1,2024-04-07,2024-05-12,2024-05-11,1500,1500,0,5.571,458.04,1,-1
5073,2,105,2,2024-04-08,2024-04-18,2024-04-15,500,500,0,2.171,81.27,1,-3
5074,7,114,3,2024-04-09,2024-05-07,2024-05-06,1500,1500,0,1.371,101.22,1,-1
5075,7,114,4,2024-04-10,2024-05-08,2024-05-08,1500,1500,0,1.372,87.84,1,0
5076,8,110,1,2024-04-11,2024-04-23,2024-04-23,1000,1000,0,2.689,137.9,1,0
5077,3,108,2,2024-04-12,2024-05-14,2024-05-14,1500,1500,0,1.794,189.67,1,0
5078,6,104,3,2024-04-15,2024-04-24,2024-04-22,1000,1000,0,0.103,6.22,1,-2
5079,1,101,4,2024-04-17,2024-04-24,2024-04-24,750,750,0,0.398,15.89,1,0
5080,7,113,1,2024-04-19,2024-05-17,2024-05-15,750,750,0,0.857,28.0,1,-2
5081,2,105,2,2024-04-20,2024-04-30,2024-04-29,2000,2000,0,2.179,240.58,1,-1
5082,2,105,3,2024-04-21,2024-05-01,2024-04-28,2000,2000,0,2.139,300.25,1,-3
5083,6,104,4,2024-04-22,2024-05-01,2024-04-28,2500,2500,0,0.105,14.04,1,-3
5084,7,113,1,2024-04-23,2024-05-21,2024-05-20,750,750,0,0.86,46.27,1,-1
5085,1,102,2,2024-04-24,2024-05-01,2024-04-28,1500,1500,0,0.551,61.73,1,-3
5086,4,107,3,2024-04-25,2024-05-09,2024-05-08,2000,2000,0,1.168,140.65,1,-1
5087,1,101,4,2024-04-26,2024-05-03,2024-04-30,2500,2500,0,0.419,81.52,1,-3
5088,7,113,1,2024-04-27,2024-05-25,2024-05-24,500,500,0,0.84,19.35,1,-1
5089,6,104,2,2024-04-29,2024-05-08,2024-05-08,2500,2500,0,0.098,20.98,1,0
5090,1,102,3,2024-04-30,2024-05-07,2024-05-06,2500,2500,0,0.575,117.5,1,-1
5091,3,109,4,2024-05-02,2024-06-03,2024-06-12,750,750,13,4.52,266.57,0,9
5092,7,113,1,2024-05-04,2024-06-01,2024-05-31,2000,2000,0,0.845,123.36,1,-1
5093,3,108,2,2024-05-06,2024-06-07,2024-06-07,1000,1000,0,1.8,88.98,1,0
5094,6,104,3,2024-05-08,2024-05-17,2024-05-17,1500,1500,0,0.097,11.79,1,0
5095,1,101,4,2024-05-10,2024-05-17,2024-05-14,750,750,0,0.406,20.19,1,-3
5096,5,112,1,2024-05-11,2024-06-15,2024-06-13,750,750,0,5.639,225.21,1,-2
5097,4,107,2,2024-05-12,2024-05-26,2024-05-26,2500,2500,0,1.173,247.42,1,0
5098,3,109,3,2024-05-13,2024-06-14,2024-06-13,500,500,0,4.615,142.37,1,-1
5099,5,111,4,2024-05-14,2024-06-18,2024-06-17,2500,2500,190,3.25,444.18,1,-1
5100,6,103,1,2024-05-15,2024-05-24,2024-05-22,750,750,0,0.204,12.78,1,-2
5101,6,104,2,2024-05-16,2024-05-25,2024-05-25,1500,1500,0,0.105,11.55,1,0
5102,2,105,3,2024-05-18,2024-05-28,2024-05-27,2500,2500,0,2.14,471.34,1,-1
5103,2,105,4,2024-05-20,2024-05-30,2024-05-27,750,750,0,2.226,114.76,1,-3
5104,7,114,1,2024-05-22,2024-06-19,2024-06-16,2500,2500,0,1.408,287.38,1,-3
5105,7,113,2,2024-05-25,2024-06-22,2024-06-21,1000,1000,0,0.841,61.36,1,-1
5106,4,115,3,2024-05-27,2024-06-10,2024-06-10,2500,2155,0,2.365,505.41,1,0
5107,4,107,4,2024-05-28,2024-06-11,2024-06-10,750,750,0,1.186,72.52,1,-1
5108,7,114,1,2024-05-29,2024-06-26,2024-06-25,1500,1500,0,1.48,97.16,1,-1
5109,5,111,2,2024-05-31,2024-07-05,2024-07-04,2500,2500,0,3.195,425.12,1,-1
5110,2,106,3,2024-06-01,2024-06-11,2024-06-11,2500,2500,0,3.527,400.47,1,0
5111,1,101,4,2024-06-02,2024-06-09,2024-06-07,2000,2000,0,0.42,53.1,1,-2
5112,1,102,1,2024-06-04,2024-06-11,2024-06-11,750,750,0,0.536,26.88,1,0
5113,2,106,2,2024-06-05,2024-06-15,2024-06-15,2500,2500,0,3.589,756.12,1,0
5114,2,105,3,2024-06-08,2024-06-18,2024-06-18,500,500,0,2.167,48.72,1,0
5115,5,111,4,2024-06-10,2024-07-15,2024-07-12,1000,1000,0,3.024,134.82,1,-3
5116,5,111,1,2024-06-11,2024-07-16,2024-07-15,2000,2000,121,3.278,284.73,1,-1
5117,6,104,2,2024-06-13,2024-06-22,2024-06-19,750,750,0,0.1,6.7,1,-3
5118,7,113,3,2024-06-14,2024-07-12,2024-07-15,750,700,0,0.833,35.1,0,3
5119,1,101,4,2024-06-15,2024-06-22,2024-06-19,750,750,0,0.415,20.44,1,-3
5120,3,109,1,2024-06-16,2024-07-18,2024-07-17,750,750,0,4.748,153.27,1,-1
5121,4,107,2,2024-06-17,2024-07-01,2024-07-01,1500,1500,42,1.238,80.38,1,0
5122,5,111,3,2024-06-18,2024-07-23,2024-07-22,2000,2000,0,3.16,284.14,1,-1
5123,3,108,4,2024-06-24,2024-07-26,2024-08-02,750,750,25,1.813,99.61,0,7
5124,6,103,1,2024-06-25,2024-07-04,2024-07-01,2500,2500,0,0.211,40.59,1,-3
5125,8,110,2,2024-06-27,2024-07-09,2024-07-09,2000,2000,0,2.807,435.16,1,0
5126,2,106,3,2024-07-01,2024-07-11,2024-07-11,500,500,0,3.475,142.94,1,0
5127,7,113,4,2024-07-02,2024-07-30,2024-08-08,1000,1000,0,0.868,61.35,0,9
5128,1,101,1,2024-07-03,2024-07-10,2024-07-09,2000,1692,0,0.421,72.48,1,-1
5129,6,103,2,2024-07-04,2024-07-13,2024-07-11,750,750,0,0.204,6.82,1,-2
5130,4,107,3,2024-07-05,2024-07-19,2024-07-18,1500,1500,0,1.213,124.42,1,-1
5131,1,101,4,2024-07-06,2024-07-13,2024-07-10,750,750,0,0.394,19.0,1,-3
5132,2,105,1,2024-07-07,2024-07-17,2024-07-17,750,750,0,2.18,113.89,1,0
5133,2,105,2,2024-07-08,2024-07-18,2024-07-19,500,425,0,2.079,48.71,0,1
5134,2,106,3,2024-07-09,2024-07-19,2024-07-17,500,500,0,3.3,84.98,1,-2
5135,5,111,4,2024-07-10,2024-08-14,2024-08-15,1000,1000,0,3.027,132.86,0,1
5136,4,107,1,2024-07-11,2024-07-25,2024-07-24,2000,2000,39,1.208,193.44,1,-1
5137,7,114,2,2024-07-12,2024-08-09,2024-08-06,2500,2500,0,1.474,243.94,1,-3
5138,2,105,3,2024-07-13,2024-07-23,2024-07-21,2500,2500,0,2.101,349.45,1,-2
5139,7,113,4,2024-07-14,2024-08-11,2024-08-14,1000,1000,30,0.851,59.67,0,3
5140,7,113,1,2024-07-17,2024-08-14,2024-08-22,2500,2500,0,0.862,155.48,0,8
5141,5,111,2,2024-07-19,2024-08-23,2024-08-23,1000,1000,0,3.049,212.12,1,0
5142,1,102,3,2024-07-20,2024-07-27,2024-07-26,1000,1000,0,0.556,46.27,1,-1
5143,3,109,4,2024-07-22,2024-08-23,2024-08-20,1500,1500,0,4.552,495.66,1,-3
5144,3,108,1,2024-07-23,2024-08-24,2024-08-21,2000,2000,0,1.77,315.48,1,-3
5145,5,111,2,2024-07-24,2024-08-28,2024-08-28,750,750,0,3.018,131.72,1,0
5146,7,113,3,2024-07-26,2024-08-23,2024-08-22,1000,816,0,0.876,47.49,1,-1
5147,8,110,4,2024-07-31,2024-08-12,2024-08-12,2500,2500,0,2.703,298.92,1,0
5148,5,111,1,2024-08-01,2024-09-05,2024-09-02,1000,1000,0,3.234,187.87,1,-3
5149,6,103,2,2024-08-02,2024-08-11,2024-08-09,750,750,0,0.2,6.58,1,-2
5150,7,113,3,2024-08-04,2024-09-01,2024-09-02,2000,2000,0,0.888,125.92,0,1
5151,6,103,4,2024-08-05,2024-08-14,2024-08-12,750,750,9,0.197,11.23,1,-2
5152,7,113,1,2024-08-07,2024-09-04,2024-09-02,2500,2500,0,0.884,140.23,1,-2
5153,8,110,2,2024-08-09,2024-08-21,2024-08-21,1500,1500,0,2.782,200.73,1,0
5154,8,110,3,2024-08-10,2024-08-22,2024-08-22,750,750,0,2.884,97.62,1,0
5155,7,113,4,2024-08-13,2024-09-10,2024-09-13,750,750,53,0.845,51.23,0,3
5156,4,107,1,2024-08-16,2024-08-30,2024-08-27,2000,2000,75,1.204,197.36,1,-3
5157,7,113,2,2024-08-17,2024-09-14,2024-09-14,750,750,44,0.835,39.1,1,0
5158,1,102,3,2024-08-18,2024-08-25,2024-08-25,500,500,0,0.546,15.03,1,0
5159,4,107,4,2024-08-19,2024-09-02,2024-08-30,2500,2500,0,1.25,208.76,1,-3
5160,8,110,1,2024-08-20,2024-09-01,2024-08-29,750,750,0,2.845,129.79,1,-3
5161,2,106,2,2024-08-22,2024-09-01,2024-08-29,500,500,0,3.59,128.85,1,-3
5162,1,101,3,2024-08-24,2024-08-31,2024-08-28,1000,1000,0,0.416,23.56,1,-3
5163,3,109,4,2024-08-25,2024-09-26,2024-09-26,1000,1000,0,4.694,230.54,1,0
5164,5,112,1,2024-08-26,2024-09-30,2024-09-28,1500,1500,0,5.451,453.83,1,-2
5165,7,114,2,2024-08-27,2024-09-24,2024-09-22,2000,2000,0,1.418,120.22,1,-2
5166,7,113,3,2024-08-29,2024-09-26,2024-09-26,1000,1000,0,0.858,76.09,1,0
5167,3,108,4,2024-08-30,2024-10-01,2024-09-28,1000,1000,42,1.896,153.8,1,-3
5168,2,106,1,2024-08-31,2024-09-10,2024-09-09,500,500,0,3.323,80.3,1,-1
5169,3,108,2,2024-09-01,2024-10-03,2024-10-13,500,500,0,1.864,82.95,0,10
5170,5,111,3,2024-09-03,2024-10-08,2024-10-19,1500,1500,119,3.108,344.54,0,11
5171,6,103,4,2024-09-04,2024-09-13,2024-09-12,500,500,0,0.198,6.96,1,-1
5172,7,113,1,2024-09-07,2024-10-05,2024-10-05,500,500,0,0.868,38.2,1,0
5173,6,103,2,2024-09-08,2024-09-17,2024-09-14,1500,1500,0,0.203,18.97,1,-3
5174,4,115,3,2024-09-10,2024-09-24,2024-09-21,1500,1500,0,2.272,212.17,1,-3
5175,5,111,4,2024-09-11,2024-10-16,2024-10-15,1000,1000,0,3.193,241.36,1,-1
5176,7,113,1,2024-09-13,2024-10-11,2024-10-09,1000,1000,0,0.863,55.84,1,-2
5177,8,110,2,2024-09-14,2024-09-26,2024-09-28,1000,1000,17,2.783,250.41,0,2
5178,7,113,3,2024-09-16,2024-10-14,2024-10-13,1500,1500,0,0.887,98.46,1,-1
5179,4,115,4,2024-09-17,2024-10-01,2024-09-29,2000,2000,0,2.363,202.13,1,-2
5180,6,103,1,2024-09-18,2024-09-27,2024-09-25,1000,1000,0,0.197,16.7,1,-2
5181,5,111,2,2024-09-20,2024-10-25,2024-10-22,2000,2000,172,3.084,294.27,1,-3
5182,7,114,3,2024-09-23,2024-10-21,2024-10-23,2000,1818,0,1.363,197.79,0,2
5183,5,111,4,2024-09-25,2024-10-30,2024-10-29,500,500,0,3.146,82.18,1,-1
5184,3,108,1,2024-09-27,2024-10-29,2024-10-29,500,500,0,1.858,65.34,1,0
5185,5,112,2,2024-09-28,2024-11-02,2024-11-09,1000,1000,0,5.802,395.02,0,7
5186,3,108,3,2024-09-29,2024-10-31,2024-10-28,500,480,0,1.789,54.48,1,-3
5187,6,103,4,2024-10-03,2024-10-12,2024-10-11,1500,1500,0,0.212,18.97,1,-1
5188,6,104,1,2024-10-03,2024-10-12,2024-10-11,750,750,0,0.102,5.56,1,-1
5189,3,109,2,2024-10-04,2024-11-05,2024-11-04,500,500,0,4.708,137.23,1,-1
5190,8,110,3,2024-10-04,2024-10-16,2024-10-13,2000,2000,0,2.716,366.62,1,-3
5191,8,110,4,2024-10-05,2024-10-17,2024-10-16,500,500,0,2.699,117.34,1,-1
5192,3,109,1,2024-10-06,2024-11-07,2024-11-05,1500,1500,0,4.568,452.0,1,-2
5193,4,115,2,2024-10-07,2024-10-21,2024-10-24,2000,2000,0,2.26,347.89,0,3
5194,2,106,3,2024-10-07,2024-10-17,2024-10-16,2000,2000,29,3.551,323.0,1,-1
5195,2,105,4,2024-10-08,2024-10-18,2024-10-18,2500,2500,0,2.202,487.76,1,0
5196,6,104,1,2024-10-08,2024-10-17,2024-10-17,2500,2500,0,0.097,10.08,1,0
5197,1,101,2,2024-10-09,2024-10-16,2024-10-14,1500,1500,0,0.399,51.49,1,-2
5198,6,103,3,2024-10-11,2024-10-20,2024-10-20,2000,2000,0,0.198,19.27,1,0
5199,2,106,4,2024-10-12,2024-10-22,2024-10-21,2500,2500,0,3.534,462.3,1,-1
5200,6,104,1,2024-10-12,2024-10-21,2024-10-21,1000,1000,0,0.104,9.02,1,0
5201,1,102,2,2024-10-13,2024-10-20,2024-10-20,2000,2000,0,0.567,90.98,1,0
5202,2,105,3,2024-10-14,2024-10-24,2024-10-27,2500,2500,0,2.052,417.57,0,3
5203,3,109,4,2024-10-14,2024-11-15,2024-11-13,2500,2500,0,4.475,744.55,1,-2
5204,1,101,1,2024-10-15,2024-10-22,2024-10-19,500,500,0,0.403,17.78,1,-3
5205,5,111,2,2024-10-16,2024-11-20,2024-11-19,1500,1500,0,3.14,402.22,1,-1
5206,8,110,3,2024-10-16,2024-10-28,2024-10-25,750,750,0,2.8,176.64,1,-3
5207,4,115,4,2024-10-17,2024-10-31,2024-10-31,500,500,0,2.437,101.88,1,0
5208,1,101,1,2024-10-17,2024-10-24,2024-10-23,500,500,0,0.399,13.4,1,-1
5209,6,103,2,2024-10-18,2024-10-27,2024-10-24,2000,2000,0,0.202,29.26,1,-3
5210,2,106,3,2024-10-19,2024-10-29,2024-10-27,1000,1000,0,3.472,209.27,1,-2
5211,2,106,4,2024-10-19,2024-10-29,2024-10-27,500,500,0,3.421,69.0,1,-2
5212,3,108,1,2024-10-20,2024-11-21,2024-11-18,1000,1000,0,1.901,98.5,1,-3
5213,6,103,2,2024-10-21,2024-10-30,2024-11-02,1500,1500,0,0.206,26.89,0,3
5214,6,104,3,2024-10-21,2024-10-30,2024-10-30,750,750,0,0.106,4.83,1,0
5215,3,108,4,2024-10-22,2024-11-23,2024-11-27,2000,2000,0,1.876,297.79,0,4
5216,3,109,1,2024-10-22,2024-11-23,2024-11-25,2500,2232,0,4.512,774.2,0,2
5217,2,106,2,2024-10-23,2024-11-02,2024-11-02,2000,2000,0,3.433,552.26,1,0
5218,3,109,3,2024-10-23,2024-11-24,2024-11-24,1500,1500,0,4.55,280.43,1,0
5219,1,101,4,2024-10-24,2024-10-31,2024-10-31,2500,2500,0,0.396,88.81,1,0
5220,4,115,1,2024-10-25,2024-11-08,2024-11-06,1500,1500,0,2.238,242.69,1,-2
5221,4,115,2,2024-10-25,2024-11-08,2024-11-12,1500,1500,0,2.324,254.79,0,4
5222,5,111,3,2024-10-26,2024-11-30,2024-12-07,1000,1000,0,3.04,155.45,0,7
5223,1,101,4,2024-10-26,2024-11-02,2024-11-02,1000,1000,0,0.405,21.21,1,0
5224,2,105,1,2024-10-27,2024-11-06,2024-11-03,750,684,0,2.214,144.15,1,-3
5225,1,102,2,2024-10-28,2024-11-04,2024-11-01,500,500,5,0.563,18.86,1,-3
5226,2,105,3,2024-10-29,2024-11-08,2024-11-07,750,750,0,2.191,132.97,1,-1
5227,4,115,4,2024-10-30,2024-11-13,2024-11-13,750,750,28,2.435,153.38,1,0
5228,4,107,1,2024-10-31,2024-11-14,2024-11-18,2000,2000,0,1.218,148.15,0,4
5229,4,107,2,2024-10-31,2024-11-14,2024-11-12,750,750,0,1.245,74.97,1,-2
5230,4,107,3,2024-11-01,2024-11-15,2024-11-14,2000,2000,0,1.221,210.28,1,-1
5231,5,112,4,2024-11-02,2024-12-07,2024-12-04,750,750,55,5.458,311.99,1,-3
5232,3,108,1,2024-11-03,2024-12-05,2024-12-02,750,750,0,1.887,109.08,1,-3
5233,6,104,2,2024-11-06,2024-11-15,2024-11-15,2000,2000,0,0.1,10.62,1,0
5234,3,108,3,2024-11-06,2024-12-08,2024-12-16,1500,1500,0,1.762,132.56,0,8
5235,1,101,4,2024-11-07,2024-11-14,2024-11-11,2000,2000,0,0.419,57.79,1,-3
5236,6,103,1,2024-11-07,2024-11-16,2024-11-14,750,750,0,0.2,11.14,1,-2
5237,7,114,2,2024-11-08,2024-12-06,2024-12-14,1500,1500,0,1.48,127.89,0,8
5238,3,109,3,2024-11-08,2024-12-10,2024-12-11,1500,1500,0,4.44,291.15,0,1
5239,1,101,4,2024-11-09,2024-11-16,2024-11-13,1500,1500,18,0.393,34.58,1,-3
5240,5,111,1,2024-11-10,2024-12-15,2024-12-16,2000,1787,104,3.262,350.58,0,1
5241,7,114,2,2024-11-11,2024-12-09,2024-12-12,2500,2500,68,1.443,178.92,0,3
5242,7,114,3,2024-11-11,2024-12-09,2024-12-08,1000,1000,0,1.392,72.61,1,-1
5243,7,114,4,2024-11-12,2024-12-10,2024-12-11,500,500,0,1.44,48.7,0,1
5244,1,101,1,2024-11-13,2024-11-20,2024-11-20,2500,2500,0,0.394,87.53,1,0
5245,4,115,2,2024-11-15,2024-11-29,2024-11-26,2500,2500,0,2.415,326.14,1,-3
5246,5,111,3,2024-11-15,2024-12-20,2024-12-21,500,500,0,3.057,118.63,0,1
5247,1,102,4,2024-11-16,2024-11-23,2024-11-23,1000,1000,0,0.542,32.08,1,0
5248,5,112,1,2024-11-18,2024-12-23,2024-12-20,1000,1000,0,5.459,478.99,1,-3
5249,7,113,2,2024-11-19,2024-12-17,2024-12-17,1000,1000,0,0.827,72.0,1,0
5250,5,111,3,2024-11-19,2024-12-24,2024-12-23,2000,2000,0,3.191,281.46,1,-1
5251,5,112,4,2024-11-20,2024-12-25,2024-12-24,2500,2500,108,5.51,798.89,1,-1
5252,6,103,1,2024-11-20,2024-11-29,2024-11-29,500,500,0,0.197,6.67,1,0
5253,7,113,2,2024-11-21,2024-12-19,2024-12-19,1000,1000,70,0.891,75.97,1,0
5254,6,103,3,2024-11-22,2024-12-01,2024-11-30,2500,2500,0,0.201,24.3,1,-1
5255,2,105,4,2024-11-22,2024-12-02,2024-11-30,1500,1500,0,2.185,232.16,1,-2
5256,6,103,1,2024-11-23,2024-12-02,2024-12-02,1000,1000,0,0.194,11.01,1,0
5257,2,106,2,2024-11-25,2024-12-05,2024-12-04,2000,2000,0,3.588,401.55,1,-1
5258,8,110,3,2024-11-26,2024-12-08,2024-12-08,750,750,0,2.748,103.03,1,0
5259,7,113,4,2024-11-27,2024-12-25,2024-12-29,2000,2000,0,0.827,123.46,0,4
5260,3,108,1,2024-11-28,2024-12-30,2024-12-28,750,750,0,1.849,60.6,1,-2
5261,4,107,2,2024-11-29,2024-12-13,2024-12-17,2000,2000,0,1.219,141.35,0,4
5262,5,111,3,2024-11-30,2025-01-04,2025-01-03,500,500,0,3.038,103.54,1,-1
5263,5,111,4,2024-12-01,2025-01-05,2025-01-05,1500,1500,56,3.277,380.18,1,0
5264,5,112,1,2024-12-01,2025-01-05,2025-01-05,2000,2000,0,5.543,720.85,1,0
5265,1,101,2,2024-12-02,2024-12-09,2024-12-06,1500,1500,0,0.392,27.69,1,-3
5266,3,108,3,2024-12-02,2025-01-03,2024-12-31,750,750,0,1.83,76.79,1,-3
5267,7,113,4,2024-12-03,2024-12-31,2025-01-02,2500,2500,187,0.833,108.7,0,2
5268,6,103,1,2024-12-03,2024-12-12,2024-12-14,1000,1000,0,0.204,10.06,0,2
5269,5,112,2,2024-12-04,2025-01-08,2025-01-08,2000,2000,0,5.877,591.1,1,0
5270,1,102,3,2024-12-06,2024-12-13,2024-12-13,2000,2000,0,0.543,70.02,1,0
5271,4,107,4,2024-12-07,2024-12-21,2024-12-20,2000,2000,0,1.206,194.62,1,-1
5272,8,110,1,2024-12-08,2024-12-20,2024-12-17,2000,2000,0,2.688,315.38,1,-3
5273,4,107,2,2024-12-08,2024-12-22,2024-12-22,1500,1500,0,1.228,137.55,1,0
5274,6,103,3,2024-12-09,2024-12-18,2024-12-16,2000,2000,0,0.197,16.82,1,-2
5275,1,101,4,2024-12-09,2024-12-16,2024-12-16,1500,1500,0,0.393,44.51,1,0
5276,6,103,1,2024-12-10,2024-12-19,2024-12-17,500,500,0,0.204,6.82,1,-2
5277,3,108,2,2024-12-10,2025-01-11,2025-01-20,2000,2000,0,1.866,199.27,0,9
5278,2,106,3,2024-12-11,2024-12-21,2024-12-21,2000,2000,0,3.55,320.36,1,0
5279,1,101,4,2024-12-12,2024-12-19,2024-12-20,1500,1500,0,0.397,46.91,0,1
5280,7,113,1,2024-12-13,2025-01-10,2025-01-10,2500,2500,76,0.869,109.38,1,0
5281,2,106,2,2024-12-13,2024-12-23,2024-12-22,2000,2000,0,3.384,464.53,1,-1
5282,4,115,3,2024-12-14,2024-12-28,2024-12-28,2500,2500,0,2.4,500.11,1,0
5283,7,114,4,2024-12-15,2025-01-12,2025-01-16,750,750,0,1.389,67.16,0,4
5284,2,105,1,2024-12-15,2024-12-25,2024-12-22,2500,2500,0,2.115,395.16,1,-3
5285,3,108,2,2024-12-16,2025-01-17,2025-01-19,1000,1000,0,1.84,134.7,0,2
5286,1,102,3,2024-12-17,2024-12-24,2024-12-26,2000,2000,0,0.553,59.92,0,2
5287,6,103,4,2024-12-17,2024-12-26,2024-12-23,2000,1812,0,0.209,17.06,1,-3
5288,3,108,1,2024-12-18,2025-01-19,2025-01-17,500,500,0,1.907,79.83,1,-2
5289,2,106,2,2024-12-19,2024-12-29,2024-12-27,1000,906,0,3.323,258.4,1,-2
5290,1,102,3,2024-12-20,2024-12-27,2024-12-24,2500,2500,0,0.538,99.53,1,-3
5291,5,112,4,2024-12-20,2025-01-24,2025-01-31,1000,1000,0,5.844,300.66,0,7
5292,7,113,1,2024-12-21,2025-01-18,2025-01-17,500,500,0,0.832,32.31,1,-1
5293,5,111,2,2024-12-21,2025-01-25,2025-01-23,750,750,0,3.026,162.05,1,-2
5294,4,107,3,2024-12-22,2025-01-05,2025-01-06,2000,2000,0,1.238,114.29,0,1
5295,4,107,4,2024-12-23,2025-01-06,2025-01-03,1000,1000,0,1.249,95.0,1,-3
5296,5,112,1,2024-12-23,2025-01-27,2025-02-01,500,500,0,5.859,144.81,0,5
5297,5,111,2,2024-12-24,2025-01-28,2025-02-01,500,500,28,3.226,112.42,0,4
5298,1,101,3,2024-12-24,2024-12-31,2024-12-31,1000,1000,0,0.422,32.97,1,0
5299,1,102,4,2024-12-26,2025-01-02,2024-12-30,500,500,0,0.546,14.83,1,-3
5300,4,107,1,2024-12-27,2025-01-10,2025-01-08,500,500,0,1.233,40.42,1,-2
5301,7,113,2,2024-12-28,2025-01-25,2025-01-22,750,750,0,0.866,56.94,1,-3
5302,6,104,3,2024-12-28,2025-01-06,2025-01-03,500,500,0,0.105,4.04,1,-3
5303,5,112,4,2024-12-29,2025-02-02,2025-02-01,750,750,0,5.786,329.97,1,-1
5304,6,103,1,2024-12-29,2025-01-07,2025-01-04,2500,2500,51,0.208,27.87,1,-3
5305,5,112,2,2024-12-30,2025-02-03,2025-02-02,2000,1892,62,5.748,904.35,1,-1
5306,5,112,3,2024-12-31,2025-02-04,2025-02-05,2000,2000,0,5.433,642.71,0,1
5307,4,115,4,2025-01-01,2025-01-15,2025-01-19,500,500,0,2.345,100.59,0,4
5308,7,114,1,2025-01-02,2025-01-30,2025-01-27,500,500,0,1.43,63.69,1,-3
5309,3,108,2,2025-01-04,2025-02-05,2025-02-02,1000,1000,24,1.871,127.58,1,-3
5310,8,110,3,2025-01-05,2025-01-17,2025-01-17,750,750,0,2.782,159.87,1,0
5311,7,113,4,2025-01-06,2025-02-03,2025-02-04,750,750,0,0.836,51.4,0,1
5312,5,111,1,2025-01-09,2025-02-13,2025-02-15,1500,1500,0,3.244,296.78,0,2
5313,2,105,2,2025-01-12,2025-01-22,2025-01-22,500,500,0,2.045,90.72,1,0
5314,1,102,3,2025-01-13,2025-01-20,2025-01-17,2000,2000,0,0.54,78.97,1,-3
5315,2,105,4,2025-01-14,2025-01-24,2025-01-24,1000,1000,0,2.198,122.87,1,0
5316,1,102,1,2025-01-15,2025-01-22,2025-01-19,750,750,0,0.54,25.64,1,-3
5317,3,109,2,2025-01-16,2025-02-17,2025-02-16,1000,1000,0,4.756,211.74,1,-1
5318,5,112,3,2025-01-18,2025-02-22,2025-02-21,2500,2500,0,5.736,1267.94,1,-1
5319,1,101,4,2025-01-19,2025-01-26,2025-01-24,2500,2171,0,0.399,77.21,1,-2
5320,3,108,1,2025-01-20,2025-02-21,2025-02-18,500,466,0,1.876,46.81,1,-3
5321,5,111,2,2025-01-21,2025-02-25,2025-02-24,2500,2500,224,3.269,407.71,1,-1
5322,7,113,3,2025-01-22,2025-02-19,2025-02-25,750,750,0,0.832,26.54,0,6
5323,5,112,4,2025-01-24,2025-02-28,2025-02-28,1500,1500,52,5.682,460.18,1,0
5324,8,110,1,2025-01-26,2025-02-07,2025-02-07,2000,2000,0,2.728,242.17,1,0
5325,4,107,2,2025-01-27,2025-02-10,2025-02-08,750,750,0,1.233,73.74,1,-2
5326,3,109,3,2025-01-30,2025-03-03,2025-03-02,1500,1500,44,4.504,344.23,1,-1
5327,3,108,4,2025-02-02,2025-03-06,2025-03-04,2000,2000,89,1.804,192.4,1,-2
5328,6,104,1,2025-02-05,2025-02-14,2025-02-13,2000,2000,0,0.105,10.22,1,-1
5329,2,106,2,2025-02-06,2025-02-16,2025-02-13,2500,2500,0,3.511,600.23,1,-3
5330,6,104,3,2025-02-07,2025-02-16,2025-02-13,1500,1500,0,0.102,7.79,1,-3
5331,1,101,4,2025-02-08,2025-02-15,2025-02-13,1000,1000,0,0.421,33.73,1,-2
5332,6,103,1,2025-02-10,2025-02-19,2025-02-16,2000,2000,0,0.207,36.44,1,-3
5333,5,111,2,2025-02-11,2025-03-18,2025-03-17,1500,1500,129,3.17,378.46,1,-1
5334,6,103,3,2025-02-13,2025-02-22,2025-02-21,2500,2500,0,0.211,25.72,1,-1
5335,5,112,4,2025-02-14,2025-03-21,2025-03-31,1000,1000,0,5.496,485.07,0,10
5336,8,110,1,2025-02-15,2025-02-27,2025-03-01,1000,1000,22,2.895,163.74,0,2
5337,2,106,2,2025-02-16,2025-02-26,2025-02-23,1000,1000,0,3.349,256.08,1,-3
5338,1,101,3,2025-02-17,2025-02-24,2025-02-23,1000,1000,0,0.396,15.87,1,-1
5339,5,112,4,2025-02-18,2025-03-25,2025-04-02,1500,1500,0,5.92,521.85,0,8
5340,7,113,1,2025-02-21,2025-03-21,2025-03-18,2500,2500,0,0.842,184.36,1,-3
5341,6,103,2,2025-02-22,2025-03-03,2025-02-28,1500,1500,0,0.197,25.02,1,-3
5342,5,111,3,2025-02-24,2025-03-31,2025-03-28,750,750,26,3.176,178.32,1,-3
5343,2,105,4,2025-02-27,2025-03-09,2025-03-09,1000,1000,0,2.082,127.79,1,0
5344,5,111,1,2025-02-28,2025-04-04,2025-04-01,2500,2500,0,3.174,705.05,1,-3
5345,1,102,2,2025-03-01,2025-03-08,2025-03-07,1000,1000,0,0.572,28.17,1,-1
5346,3,108,3,2025-03-03,2025-04-04,2025-04-02,500,500,0,1.789,42.54,1,-2
5347,5,111,4,2025-03-05,2025-04-09,2025-04-07,1000,1000,0,3.232,261.53,1,-2
5348,3,109,1,2025-03-06,2025-04-07,2025-04-05,2500,2500,139,4.716,892.68,1,-2
5349,4,115,2,2025-03-07,2025-03-21,2025-03-19,2000,2000,0,2.397,233.2,1,-2
5350,4,107,3,2025-03-11,2025-03-25,2025-03-23,500,500,0,1.271,54.36,1,-2
5351,4,107,4,2025-03-13,2025-03-27,2025-03-26,2000,2000,0,1.207,98.05,1,-1
5352,7,113,1,2025-03-15,2025-04-12,2025-04-09,1500,1500,0,0.833,56.29,1,-3
5353,3,109,2,2025-03-16,2025-04-17,2025-04-17,1000,1000,0,4.721,229.49,1,0
5354,8,110,3,2025-03-17,2025-03-29,2025-03-29,2000,2000,0,2.836,294.26,1,0
5355,7,114,4,2025-03-21,2025-04-18,2025-04-20,1000,1000,36,1.397,107.83,0,2
5356,5,112,1,2025-03-23,2025-04-27,2025-04-27,1500,1500,0,5.737,663.03,1,0
5357,6,103,2,2025-03-27,2025-04-05,2025-04-03,500,500,0,0.2,6.84,1,-2
5358,4,115,3,2025-03-28,2025-04-11,2025-04-11,750,645,0,2.404,105.33,1,0
5359,4,107,4,2025-03-29,2025-04-12,2025-04-10,2500,2500,0,1.264,154.46,1,-2
5360,2,106,1,2025-03-31,2025-04-10,2025-04-07,1000,1000,0,3.348,161.19,1,-3
5361,6,104,2,2025-04-01,2025-04-10,2025-04-09,750,750,0,0.103,6.43,1,-1
5362,6,103,3,2025-04-04,2025-04-13,2025-04-11,2500,2500,0,0.197,27.22,1,-2
5363,4,107,4,2025-04-06,2025-04-20,2025-04-18,1500,1500,0,1.256,153.01,1,-2
5364,1,102,1,2025-04-07,2025-04-14,2025-04-13,500,500,0,0.559,15.13,1,-1
5365,2,106,2,2025-04-09,2025-04-19,2025-04-18,1000,1000,0,3.494,253.57,1,-1
5366,3,109,3,2025-04-10,2025-05-12,2025-05-22,750,750,0,4.729,166.68,0,10
5367,3,108,4,2025-04-11,2025-05-13,2025-05-13,1000,1000,0,1.788,160.45,1,0
5368,5,112,1,2025-04-13,2025-05-18,2025-05-18,750,750,0,5.778,283.26,1,0
5369,1,102,2,2025-04-17,2025-04-24,2025-04-22,1500,1500,0,0.54,58.9,1,-2
5370,6,104,3,2025-04-18,2025-04-27,2025-04-26,2500,2500,0,0.105,16.59,1,-1
5371,1,101,4,2025-04-19,2025-04-26,2025-04-23,2500,2500,0,0.409,47.03,1,-3
5372,4,107,1,2025-04-21,2025-05-05,2025-05-03,500,500,0,1.258,53.24,1,-2
5373,7,114,2,2025-04-23,2025-05-21,2025-05-20,2500,2500,137,1.381,138.91,1,-1
5374,7,113,3,2025-04-24,2025-05-22,2025-05-19,750,750,0,0.869,40.06,1,-3
5375,3,108,4,2025-04-25,2025-05-27,2025-05-26,1500,1500,0,1.747,203.99,1,-1
5376,1,101,1,2025-04-26,2025-05-03,2025-05-01,2500,2500,0,0.388,45.05,1,-2
5377,8,110,2,2025-04-27,2025-05-09,2025-05-08,1000,1000,0,2.709,178.83,1,-1
5378,4,107,3,2025-04-28,2025-05-12,2025-05-12,2500,2500,0,1.272,277.95,1,0
5379,6,104,4,2025-04-30,2025-05-09,2025-05-06,750,750,0,0.104,4.55,1,-3
5380,4,115,1,2025-05-02,2025-05-16,2025-05-13,2500,2500,33,2.284,467.11,1,-3
5381,1,102,2,2025-05-03,2025-05-10,2025-05-09,1500,1500,0,0.555,62.24,1,-1
5382,2,105,3,2025-05-04,2025-05-14,2025-05-13,1500,1500,0,2.162,197.63,1,-1
5383,8,110,4,2025-05-06,2025-05-18,2025-05-18,500,500,0,2.737,72.74,1,0
5384,6,104,1,2025-05-07,2025-05-16,2025-05-13,1000,1000,0,0.103,7.66,1,-3
5385,6,104,2,2025-05-08,2025-05-17,2025-05-14,500,500,0,0.097,2.3,1,-3
5386,3,109,3,2025-05-09,2025-06-10,2025-06-09,500,500,0,4.658,206.97,1,-1
5387,1,101,4,2025-05-10,2025-05-17,2025-05-16,500,500,0,0.417,12.78,1,-1
5388,7,114,1,2025-05-11,2025-06-08,2025-06-06,500,500,0,1.359,59.63,1,-2
5389,5,112,2,2025-05-12,2025-06-16,2025-06-13,500,500,0,5.62,150.59,1,-3
5390,7,114,3,2025-05-13,2025-06-10,2025-06-08,1500,1500,0,1.459,93.96,1,-2
5391,4,107,4,2025-05-15,2025-05-29,2025-05-29,2000,2000,0,1.216,140.89,1,0
5392,5,111,1,2025-05-16,2025-06-20,2025-06-20,2500,2500,0,3.279,346.74,1,0
5393,2,106,2,2025-05-17,2025-05-27,2025-05-25,500,500,0,3.514,100.0,1,-2
5394,5,112,3,2025-05-18,2025-06-22,2025-06-20,2000,2000,0,5.48,789.89,1,-2
5395,7,114,4,2025-05-19,2025-06-16,2025-06-13,2000,2000,134,1.47,242.83,1,-3
5396,3,108,1,2025-05-21,2025-06-22,2025-06-23,1000,1000,0,1.785,105.19,0,1
5397,3,108,2,2025-05-23,2025-06-24,2025-07-02,2000,2000,0,1.819,281.08,0,8
5398,4,107,3,2025-05-24,2025-06-07,2025-06-04,1500,1500,0,1.168,125.93,1,-3
5399,5,111,4,2025-05-26,2025-06-30,2025-06-27,2500,2500,0,3.134,443.45,1,-3
5400,5,112,1,2025-05-28,2025-07-02,2025-06-29,2500,2500,113,5.615,1143.97,1,-3
5401,3,109,2,2025-05-30,2025-07-01,2025-06-29,1000,1000,0,4.649,358.56,1,-2
5402,2,105,3,2025-05-31,2025-06-10,2025-06-10,2000,2000,0,2.074,205.45,1,0
5403,7,113,4,2025-06-01,2025-06-29,2025-06-26,1500,1500,0,0.828,90.57,1,-3
5404,3,108,1,2025-06-03,2025-07-05,2025-07-05,500,500,0,1.832,59.92,1,0
5405,8,110,2,2025-06-05,2025-06-17,2025-06-17,750,750,0,2.848,119.81,1,0
5406,8,110,3,2025-06-07,2025-06-19,2025-06-18,2500,2500,0,2.856,333.21,1,-1
5407,5,112,4,2025-06-08,2025-07-13,2025-07-22,2500,2500,0,5.69,1234.38,0,9
5408,6,104,1,2025-06-09,2025-06-18,2025-06-17,750,750,0,0.103,5.83,1,-1
5409,3,109,2,2025-06-11,2025-07-13,2025-07-12,2500,2500,0,4.623,1007.05,1,-1
5410,4,115,3,2025-06-15,2025-06-29,2025-06-26,1500,1500,17,2.398,191.9,1,-3
5411,1,101,4,2025-06-19,2025-06-26,2025-06-23,2500,2500,0,0.416,73.64,1,-3
5412,6,104,1,2025-06-21,2025-06-30,2025-06-29,2500,2500,32,0.103,15.66,1,-1
5413,5,112,2,2025-06-25,2025-07-30,2025-08-07,1000,1000,0,5.534,416.33,0,8
5414,7,113,3,2025-06-26,2025-07-24,2025-07-22,2000,2000,115,0.866,85.47,1,-2
5415,3,109,4,2025-06-27,2025-07-29,2025-07-28,500,500,0,4.518,119.16,1,-1
5416,5,112,1,2025-06-28,2025-08-02,2025-08-12,750,718,0,5.452,298.88,0,10
5417,8,110,2,2025-06-29,2025-07-11,2025-07-10,2000,2000,0,2.756,363.96,1,-1
5418,3,109,3,2025-07-01,2025-08-02,2025-07-31,2000,2000,0,4.528,495.17,1,-2
5419,3,108,4,2025-07-03,2025-08-04,2025-08-05,2000,2000,0,1.879,195.48,0,1
5420,4,115,1,2025-07-04,2025-07-18,2025-07-17,2000,2000,0,2.281,208.34,1,-1
5421,5,112,2,2025-07-05,2025-08-09,2025-08-08,1000,1000,0,5.444,350.27,1,-1
5422,5,111,3,2025-07-06,2025-08-10,2025-08-07,750,750,0,3.096,155.34,1,-3
5423,1,102,4,2025-07-07,2025-07-14,2025-07-14,750,750,0,0.567,34.63,1,0
5424,7,114,1,2025-07-10,2025-08-07,2025-08-07,500,500,11,1.452,35.5,1,0
5425,1,102,2,2025-07-11,2025-07-18,2025-07-18,2000,2000,0,0.574,70.78,1,0
5426,5,111,3,2025-07-12,2025-08-16,2025-08-13,500,500,0,3.156,118.42,1,-3
5427,4,115,4,2025-07-13,2025-07-27,2025-07-26,2000,2000,0,2.253,389.02,1,-1
5428,7,114,1,2025-07-14,2025-08-11,2025-08-09,2500,2500,0,1.362,271.97,1,-2
5429,5,111,2,2025-07-15,2025-08-19,2025-08-30,750,750,0,3.09,156.84,0,11
5430,1,102,3,2025-07-16,2025-07-23,2025-07-20,500,500,0,0.534,22.74,1,-3
5431,4,107,4,2025-07-17,2025-07-31,2025-07-29,2500,2500,0,1.256,156.11,1,-2
5432,7,113,1,2025-07-18,2025-08-15,2025-08-24,2000,2000,0,0.89,97.07,0,9
5433,1,102,2,2025-07-19,2025-07-26,2025-07-25,750,750,0,0.569,22.07,1,-1
5434,1,102,3,2025-07-20,2025-07-27,2025-07-26,750,750,0,0.549,28.14,1,-1
5435,2,106,4,2025-07-23,2025-08-02,2025-08-02,750,750,0,3.538,196.3,1,0
5436,3,108,1,2025-07-24,2025-08-25,2025-08-25,1500,1500,63,1.818,223.86,1,0
5437,3,109,2,2025-07-26,2025-08-27,2025-08-29,750,750,0,4.472,276.64,0,2
5438,7,114,3,2025-07-27,2025-08-24,2025-08-28,2000,2000,0,1.431,192.25,0,4
5439,7,113,4,2025-07-29,2025-08-26,2025-08-25,750,750,0,0.852,28.45,1,-1
5440,1,101,1,2025-07-30,2025-08-06,2025-08-08,2500,2500,0,0.397,47.6,0,2
5441,8,110,2,2025-07-31,2025-08-12,2025-08-12,2500,2500,73,2.883,371.82,1,0
5442,6,104,3,2025-08-01,2025-08-10,2025-08-09,500,500,0,0.103,4.33,1,-1
5443,5,111,4,2025-08-02,2025-09-06,2025-09-17,1000,1000,0,3.036,161.41,0,11
5444,6,103,1,2025-08-03,2025-08-12,2025-08-09,1500,1500,0,0.206,26.38,1,-3
5445,2,106,2,2025-08-04,2025-08-14,2025-08-11,1000,1000,0,3.447,166.42,1,-3
5446,5,111,3,2025-08-05,2025-09-09,2025-09-08,1000,1000,0,3.066,223.99,1,-1
5447,2,106,4,2025-08-06,2025-08-16,2025-08-16,2500,2500,0,3.333,680.5,1,0
5448,1,101,1,2025-08-07,2025-08-14,2025-08-11,750,750,0,0.409,14.82,1,-3
5449,4,107,2,2025-08-09,2025-08-23,2025-08-22,2000,2000,0,1.269,178.49,1,-1
5450,3,108,3,2025-08-10,2025-09-11,2025-09-09,750,750,0,1.782,65.61,1,-2
5451,5,112,4,2025-08-12,2025-09-16,2025-09-13,2500,2500,0,5.605,636.57,1,-3
5452,7,114,1,2025-08-13,2025-09-10,2025-09-12,2000,2000,0,1.444,202.13,0,2
5453,7,113,2,2025-08-15,2025-09-12,2025-09-09,500,500,0,0.832,30.14,1,-3
5454,2,106,3,2025-08-16,2025-08-26,2025-08-26,500,500,0,3.511,121.92,1,0
5455,6,103,4,2025-08-20,2025-08-29,2025-08-26,1000,1000,0,0.203,12.27,1,-3
5456,5,112,1,2025-08-21,2025-09-25,2025-09-22,2500,2500,0,5.83,732.7,1,-3
5457,1,102,2,2025-08-23,2025-08-30,2025-08-29,750,750,0,0.555,24.26,1,-1
5458,5,111,3,2025-08-24,2025-09-28,2025-09-28,1500,1500,0,3.218,309.84,1,0
5459,7,113,4,2025-08-26,2025-09-23,2025-09-20,2500,2500,0,0.855,160.24,1,-3
5460,6,104,1,2025-08-27,2025-09-05,2025-09-02,2000,2000,0,0.101,8.13,1,-3
5461,6,103,2,2025-08-28,2025-09-06,2025-09-03,1500,1500,0,0.211,22.3,1,-3
5462,5,111,3,2025-08-31,2025-10-05,2025-10-06,2000,2000,0,3.087,444.62,0,1
5463,6,104,4,2025-09-01,2025-09-10,2025-09-08,2500,2254,0,0.105,13.54,1,-2
5464,1,101,1,2025-09-02,2025-09-09,2025-09-07,1000,1000,0,0.397,23.81,1,-2
5465,6,104,2,2025-09-04,2025-09-13,2025-09-10,2000,2000,0,0.097,13.18,1,-3
5466,2,106,3,2025-09-05,2025-09-15,2025-09-19,1000,1000,0,3.367,178.64,0,4
5467,1,102,4,2025-09-06,2025-09-13,2025-09-10,2000,2000,0,0.537,90.01,1,-3
5468,5,112,1,2025-09-08,2025-10-13,2025-10-11,1500,1500,0,5.919,558.83,1,-2
5469,8,110,2,2025-09-09,2025-09-21,2025-09-21,500,500,0,2.787,102.9,1,0
5470,2,106,3,2025-09-10,2025-09-20,2025-09-17,1500,1500,0,3.59,292.75,1,-3
5471,5,112,4,2025-09-11,2025-10-16,2025-10-24,1000,1000,61,5.47,268.79,0,8
5472,5,112,1,2025-09-14,2025-10-19,2025-10-18,750,750,29,5.55,295.25,1,-1
5473,1,102,2,2025-09-15,2025-09-22,2025-09-22,500,500,0,0.579,19.42,1,0
5474,3,108,3,2025-09-16,2025-10-18,2025-10-17,1000,1000,0,1.847,158.47,1,-1
5475,6,104,4,2025-09-17,2025-09-26,2025-09-26,2000,2000,0,0.098,12.76,1,0
5476,5,111,1,2025-09-18,2025-10-23,2025-10-23,750,750,51,3.135,138.66,1,0
5477,2,106,2,2025-09-19,2025-09-29,2025-09-28,2000,2000,0,3.562,503.34,1,-1
5478,3,108,3,2025-09-20,2025-10-22,2025-10-21,1500,1500,0,1.78,166.97,1,-1
5479,8,110,4,2025-09-21,2025-10-03,2025-10-02,2500,2500,0,2.724,563.97,1,-1
5480,7,113,1,2025-09-22,2025-10-20,2025-10-23,2500,2500,174,0.836,149.5,0,3
5481,2,106,2,2025-09-23,2025-10-03,2025-09-30,1500,1500,0,3.39,218.66,1,-3
5482,5,111,3,2025-09-25,2025-10-30,2025-10-29,500,500,0,3.133,126.1,1,-1
5483,4,107,4,2025-09-26,2025-10-10,2025-10-08,500,500,0,1.202,40.22,1,-2
5484,2,106,1,2025-09-28,2025-10-08,2025-10-08,2500,2500,0,3.454,469.11,1,0
5485,6,103,2,2025-09-29,2025-10-08,2025-10-12,750,750,0,0.206,12.74,0,4
5486,6,103,3,2025-09-30,2025-10-09,2025-10-08,1000,1000,0,0.198,11.84,1,-1
5487,3,108,4,2025-10-03,2025-11-04,2025-11-07,1500,1500,0,1.773,231.43,0,3
5488,6,103,1,2025-10-04,2025-10-13,2025-10-13,1500,1500,19,0.196,23.01,1,0
5489,2,105,2,2025-10-04,2025-10-14,2025-10-14,2000,2000,0,2.066,223.99,1,0
5490,6,103,3,2025-10-05,2025-10-14,2025-10-13,2000,2000,0,0.209,26.67,1,-1
5491,2,105,4,2025-10-06,2025-10-16,2025-10-18,2000,2000,0,2.121,328.52,0,2
5492,5,111,1,2025-10-07,2025-11-11,2025-11-19,2500,2500,0,3.156,489.91,0,8
5493,2,105,2,2025-10-07,2025-10-17,2025-10-15,750,750,0,2.094,63.47,1,-2
5494,1,101,3,2025-10-09,2025-10-16,2025-10-13,1500,1500,0,0.417,52.61,1,-3
5495,6,104,4,2025-10-09,2025-10-18,2025-10-18,750,750,0,0.103,5.51,1,0
5496,7,113,1,2025-10-10,2025-11-07,2025-11-12,2000,2000,0,0.886,94.7,0,5
5497,1,102,2,2025-10-10,2025-10-17,2025-10-17,750,750,0,0.54,28.81,1,0
5498,1,101,3,2025-10-11,2025-10-18,2025-10-16,750,750,0,0.39,13.53,1,-2
5499,1,101,4,2025-10-11,2025-10-18,2025-10-16,750,750,0,0.391,23.45,1,-2
5500,7,113,1,2025-10-12,2025-11-09,2025-11-12,500,465,21,0.85,21.08,0,3
5501,7,113,2,2025-10-14,2025-11-11,2025-11-19,2500,2500,0,0.844,105.41,0,8
5502,5,111,3,2025-10-15,2025-11-19,2025-11-24,750,750,53,3.139,181.83,0,5
5503,1,102,4,2025-10-16,2025-10-23,2025-10-22,1000,1000,0,0.557,28.35,1,-1
5504,5,111,1,2025-10-16,2025-11-20,2025-11-19,1500,1500,0,3.098,242.36,1,-1
5505,5,112,2,2025-10-17,2025-11-21,2025-11-18,1500,1500,0,5.779,644.05,1,-3
5506,7,113,3,2025-10-18,2025-11-15,2025-11-13,2500,2500,0,0.829,95.94,1,-2
5507,3,109,4,2025-10-18,2025-11-19,2025-11-27,2500,2500,79,4.671,890.06,0,8
5508,1,101,1,2025-10-19,2025-10-26,2025-10-26,1500,1500,0,0.413,35.55,1,0
5509,7,114,2,2025-10-20,2025-11-17,2025-11-14,2000,2000,0,1.473,238.54,1,-3
5510,3,108,3,2025-10-20,2025-11-21,2025-11-19,500,500,0,1.872,54.48,1,-2
5511,2,106,4,2025-10-21,2025-10-31,2025-11-04,2500,2500,0,3.317,649.19,0,4
5512,2,105,1,2025-10-21,2025-10-31,2025-10-28,1000,1000,26,2.114,98.28,1,-3
5513,3,108,2,2025-10-22,2025-11-23,2025-11-23,750,750,0,1.762,99.2,1,0
5514,2,106,3,2025-10-23,2025-11-02,2025-10-31,750,750,0,3.483,213.17,1,-2
5515,5,111,4,2025-10-23,2025-11-27,2025-12-04,500,500,0,3.108,66.69,0,7
5516,3,109,1,2025-10-24,2025-11-25,2025-11-27,500,500,0,4.662,104.56,0,2
5517,6,104,2,2025-10-25,2025-11-03,2025-11-01,750,750,0,0.102,5.91,1,-2
5518,5,111,3,2025-10-26,2025-11-30,2025-11-27,1500,1500,74,3.203,273.26,1,-3
5519,8,110,4,2025-10-26,2025-11-07,2025-11-10,1500,1500,0,2.899,311.62,0,3
5520,6,104,1,2025-10-27,2025-11-05,2025-11-04,2000,2000,0,0.102,17.95,1,-1
5521,1,101,2,2025-10-28,2025-11-04,2025-11-03,1000,967,0,0.409,22.8,1,-1
5522,8,110,3,2025-10-30,2025-11-11,2025-11-10,2000,2000,0,2.706,457.21,1,-1
5523,2,105,4,2025-10-31,2025-11-10,2025-11-08,1000,1000,0,2.054,163.59,1,-2
5524,7,114,1,2025-10-31,2025-11-28,2025-11-30,2500,2500,0,1.447,276.88,0,2
5525,1,102,2,2025-11-01,2025-11-08,2025-11-08,500,500,0,0.579,24.17,1,0
5526,5,111,3,2025-11-01,2025-12-06,2025-12-17,2000,2000,0,3.266,274.73,0,11
5527,6,103,4,2025-11-02,2025-11-11,2025-11-08,1000,1000,0,0.203,17.98,1,-3
5528,1,102,1,2025-11-03,2025-11-10,2025-11-08,750,750,0,0.555,28.54,1,-2
5529,4,107,2,2025-11-03,2025-11-17,2025-11-15,1000,1000,0,1.173,58.54,1,-2
5530,8,110,3,2025-11-04,2025-11-16,2025-11-18,750,750,0,2.806,129.43,0,2
5531,1,102,4,2025-11-05,2025-11-12,2025-11-10,2500,2500,0,0.554,57.08,1,-2
5532,2,106,1,2025-11-05,2025-11-15,2025-11-13,2000,2000,0,3.549,366.79,1,-2
5533,5,112,2,2025-11-06,2025-12-11,2025-12-09,500,500,0,5.489,111.66,1,-2
5534,3,108,3,2025-11-07,2025-12-09,2025-12-07,1500,1500,0,1.75,138.95,1,-2
5535,5,112,4,2025-11-08,2025-12-13,2025-12-20,750,750,0,5.782,182.89,0,7
5536,2,105,1,2025-11-08,2025-11-18,2025-11-15,750,750,0,2.186,71.04,1,-3
5537,1,102,2,2025-11-10,2025-11-17,2025-11-21,500,500,0,0.548,24.34,0,4
5538,2,106,3,2025-11-11,2025-11-21,2025-11-19,1500,1500,0,3.563,363.61,1,-2
5539,4,115,4,2025-11-12,2025-11-26,2025-11-24,2000,1832,0,2.294,252.87,1,-2
5540,1,101,1,2025-11-13,2025-11-20,2025-11-17,2500,2500,0,0.397,50.89,1,-3
5541,4,107,2,2025-11-14,2025-11-28,2025-11-26,2500,2500,0,1.179,180.75,1,-2
5542,8,110,3,2025-11-14,2025-11-26,2025-11-24,1000,1000,0,2.779,139.27,1,-2
5543,5,112,4,2025-11-15,2025-12-20,2025-12-27,2500,2500,0,5.885,695.28,0,7
5544,3,109,1,2025-11-16,2025-12-18,2025-12-17,2000,2000,32,4.749,531.26,1,-1
5545,5,112,2,2025-11-18,2025-12-23,2025-12-21,2500,2500,184,5.902,1041.69,1,-2
5546,8,110,3,2025-11-18,2025-11-30,2025-11-27,2000,2000,0,2.725,347.87,1,-3
5547,8,110,4,2025-11-19,2025-12-01,2025-12-01,1500,1500,0,2.844,211.86,1,0
5548,7,113,1,2025-11-19,2025-12-17,2025-12-21,500,500,0,0.895,34.86,0,4
5549,4,115,2,2025-11-20,2025-12-04,2025-12-03,1500,1500,0,2.41,221.88,1,-1
5550,7,114,3,2025-11-21,2025-12-19,2025-12-16,1500,1500,0,1.449,176.82,1,-3
5551,6,104,4,2025-11-21,2025-11-30,2025-12-01,2000,2000,0,0.102,14.59,0,1
5552,2,105,1,2025-11-22,2025-12-02,2025-12-01,1500,1500,0,2.112,223.84,1,-1
5553,3,109,2,2025-11-22,2025-12-24,2025-12-21,750,750,37,4.553,296.71,1,-3
5554,4,107,3,2025-11-23,2025-12-07,2025-12-05,1000,1000,19,1.213,87.86,1,-2
5555,5,112,4,2025-11-24,2025-12-29,2026-01-09,500,500,0,5.478,162.16,0,11
5556,6,103,1,2025-11-25,2025-12-04,2025-12-02,1500,1500,0,0.204,22.33,1,-2
5557,7,114,2,2025-11-26,2025-12-24,2025-12-31,750,750,0,1.381,91.2,0,7
5558,6,103,3,2025-11-26,2025-12-05,2025-12-06,500,500,0,0.21,6.61,0,1
5559,1,101,4,2025-11-27,2025-12-04,2025-12-04,2000,2000,0,0.42,58.85,1,0
5560,4,115,1,2025-11-28,2025-12-12,2025-12-10,2000,1650,0,2.289,191.53,1,-2
5561,4,115,2,2025-11-30,2025-12-14,2025-12-12,500,500,0,2.241,81.85,1,-2
5562,3,109,3,2025-12-01,2026-01-02,2026-01-08,750,750,21,4.756,208.41,0,6
5563,1,102,4,2025-12-01,2025-12-08,2025-12-08,1500,1500,0,0.575,46.33,1,0
5564,3,109,1,2025-12-02,2026-01-03,2025-12-31,750,750,0,4.647,231.59,1,-3
5565,5,112,2,2025-12-02,2026-01-06,2026-01-11,2500,2500,0,5.737,759.91,0,5
5566,8,110,3,2025-12-03,2025-12-15,2025-12-15,1000,1000,0,2.897,187.22,1,0
5567,8,110,4,2025-12-03,2025-12-15,2025-12-16,750,750,0,2.843,170.23,0,1
5568,8,110,1,2025-12-04,2025-12-16,2025-12-14,1500,1251,0,2.77,330.36,1,-2
5569,3,109,2,2025-12-05,2026-01-06,2026-01-05,2000,2000,0,4.496,636.63,1,-1
5570,6,103,3,2025-12-05,2025-12-14,2025-12-14,750,750,0,0.2,10.84,1,0
5571,5,111,4,2025-12-06,2026-01-10,2026-01-09,1500,1500,0,3.256,421.93,1,-1
5572,3,109,1,2025-12-06,2026-01-07,2026-01-04,1000,1000,0,4.594,367.41,1,-3
5573,6,103,2,2025-12-07,2025-12-16,2025-12-16,1000,1000,0,0.209,14.33,1,0
5574,8,110,3,2025-12-08,2025-12-20,2025-12-19,500,500,0,2.881,63.87,1,-1
5575,7,114,4,2025-12-09,2026-01-06,2026-01-03,1000,1000,30,1.385,61.81,1,-3
5576,7,113,1,2025-12-09,2026-01-06,2026-01-05,1500,1500,0,0.894,88.75,1,-1
5577,7,114,2,2025-12-10,2026-01-07,2026-01-10,500,500,20,1.462,60.85,0,3
5578,2,105,3,2025-12-11,2025-12-21,2025-12-18,500,500,0,2.167,48.93,1,-3
5579,7,113,4,2025-12-12,2026-01-09,2026-01-07,1000,1000,0,0.873,48.85,1,-2
5580,1,102,1,2025-12-13,2025-12-20,2025-12-17,1000,1000,0,0.541,24.41,1,-3
5581,3,109,2,2025-12-13,2026-01-14,2026-01-19,1000,1000,29,4.475,378.64,0,5
5582,1,101,3,2025-12-14,2025-12-21,2025-12-22,750,750,8,0.389,14.28,0,1
5583,8,110,4,2025-12-14,2025-12-26,2025-12-25,2500,2500,0,2.874,543.51,1,-1
5584,4,115,1,2025-12-15,2025-12-29,2025-12-29,1500,1500,0,2.349,254.47,1,0
5585,6,104,2,2025-12-16,2025-12-25,2025-12-24,750,750,0,0.105,5.77,1,-1
5586,1,101,3,2025-12-18,2025-12-25,2025-12-25,500,500,0,0.405,11.63,1,0
5587,3,109,4,2025-12-18,2026-01-19,2026-01-21,500,500,0,4.529,180.3,0,2
5588,4,107,1,2025-12-19,2026-01-02,2025-12-31,2000,2000,0,1.209,137.91,1,-2
5589,7,113,2,2025-12-20,2026-01-17,2026-01-15,1500,1500,0,0.868,100.21,1,-2
5590,8,110,3,2025-12-21,2026-01-02,2026-01-02,1500,1500,0,2.748,179.23,1,0
5591,7,114,4,2025-12-22,2026-01-19,2026-01-19,2000,2000,62,1.455,136.61,1,0
5592,7,113,1,2025-12-22,2026-01-19,2026-01-22,2500,2500,0,0.886,156.77,0,3
5593,6,104,2,2025-12-23,2026-01-01,2025-12-31,2500,2500,0,0.105,19.92,1,-1
5594,8,110,3,2025-12-24,2026-01-05,2026-01-04,2000,1906,0,2.768,221.67,1,-1
5595,2,106,4,2025-12-25,2026-01-04,2026-01-06,500,500,0,3.562,126.92,0,2
5596,4,107,1,2025-12-26,2026-01-09,2026-01-07,2000,2000,0,1.187,204.7,1,-2
5597,7,114,2,2025-12-27,2026-01-24,2026-01-21,2500,2500,0,1.374,250.4,1,-3
5598,6,103,3,2025-12-28,2026-01-06,2026-01-10,2500,2500,0,0.209,31.98,0,4
5599,6,104,4,2025-12-29,2026-01-07,2026-01-07,750,750,0,0.101,4.93,1,0
5600,3,109,1,2025-12-29,2026-01-30,2026-02-09,2000,2000,0,4.514,623.05,0,10
5601,5,112,2,2025-12-30,2026-02-03,2026-02-08,2500,2500,206,5.697,632.68,0,5
5602,5,112,3,2025-12-31,2026-02-04,2026-02-03,2500,2500,0,5.916,987.26,1,-1
5603,3,108,4,2025-12-31,2026-02-01,2026-01-31,2000,2000,0,1.893,302.54,1,-1
