DateKey,WarehouseID,ProductID,OnHandQty,ReorderPoint,InTransitQty,UnitsSoldMonth,BelowReorderFlag,StockoutFlag,InventoryValue
20240131,1,101,1393,800,1000,995,0,0,557.2
20240131,2,101,1368,800,1000,1159,0,0,547.2
20240131,3,101,299,800,500,798,1,0,119.6
20240131,4,101,904,800,0,604,0,0,361.6
20240131,1,102,488,800,0,1146,1,0,268.4
20240131,2,102,1064,800,0,913,0,0,585.2
20240131,3,102,1029,800,500,1098,0,0,565.95
20240131,4,102,1340,800,0,722,0,0,737.0
20240131,1,103,1033,800,0,1171,0,0,206.6
20240131,2,103,354,800,1000,1193,1,0,70.8
20240131,3,103,725,800,0,1119,1,0,145.0
20240131,4,103,1330,800,0,736,0,0,266.0
20240131,1,104,1354,800,500,729,0,0,135.4
20240131,2,104,1359,800,500,561,0,0,135.9
20240131,3,104,1027,800,0,965,0,0,102.7
20240131,4,104,880,800,0,838,0,0,88.0
20240131,1,105,619,300,1000,283,0,0,1299.9
20240131,2,105,1165,300,1000,376,0,0,2446.5
20240131,3,105,801,300,500,370,0,0,1682.1
20240131,4,105,433,300,1000,282,0,0,909.3
20240131,1,106,1595,300,500,231,0,0,5423.0
20240131,2,106,643,300,0,291,0,0,2186.2
20240131,3,106,1085,300,1000,470,0,0,3689.0
20240131,4,106,1682,300,1000,464,0,0,5718.8
20240131,1,107,716,300,500,447,0,0,859.2
20240131,2,107,1731,300,500,337,0,0,2077.2
20240131,3,107,1891,300,1000,379,0,0,2269.2
20240131,4,107,1579,300,500,264,0,0,1894.8
20240131,1,108,546,300,1000,472,0,0,982.8
20240131,2,108,935,300,1000,248,0,0,1683.0
20240131,3,108,1640,300,1000,244,0,0,2952.0
20240131,4,108,951,300,1000,459,0,0,1711.8
20240131,1,109,1005,300,0,247,0,0,4522.5
20240131,2,109,1952,300,1000,246,0,0,8784.0
20240131,3,109,1263,300,1000,233,0,0,5683.5
20240131,4,109,1903,300,1000,318,0,0,8563.5
20240131,1,110,1924,300,1000,331,0,0,5291.0
20240131,2,110,1922,300,0,296,0,0,5285.5
20240131,3,110,1419,300,0,285,0,0,3902.25
20240131,4,110,1169,300,1000,345,0,0,3214.75
20240131,1,111,444,300,0,320,0,0,1376.4
20240131,2,111,1125,300,0,444,0,0,3487.5
20240131,3,111,1877,300,1000,440,0,0,5818.7
20240131,4,111,954,300,0,254,0,0,2957.4
20240131,1,112,1095,300,1000,476,0,0,6132.0
20240131,2,112,772,300,0,410,0,0,4323.2
20240131,3,112,652,300,500,251,0,0,3651.2
20240131,4,112,717,300,0,305,0,0,4015.2
20240131,1,113,1049,300,1000,442,0,0,891.65
20240131,2,113,351,300,500,418,0,0,298.35
20240131,3,113,1420,300,500,378,0,0,1207.0
20240131,4,113,478,300,1000,260,0,0,406.3
20240131,1,114,1091,300,0,305,0,0,1527.4
20240131,2,114,657,300,0,385,0,0,919.8
20240131,3,114,1849,300,0,302,0,0,2588.6
20240131,4,114,1921,300,0,262,0,0,2689.4
20240131,1,115,593,300,500,314,0,0,1363.9
20240131,2,115,1197,300,0,302,0,0,2753.1
20240131,3,115,1627,300,0,290,0,0,3742.1
20240131,4,115,655,300,0,251,0,0,1506.5
20240229,1,101,453,800,0,975,1,0,181.2
20240229,2,101,500,800,500,1199,1,0,200.0
20240229,3,101,663,800,0,1110,1,0,265.2
20240229,4,101,767,800,0,742,1,0,306.8
20240229,1,102,263,800,1000,908,1,0,144.65
20240229,2,102,743,800,0,1030,1,0,408.65
20240229,3,102,1153,800,1000,966,0,0,634.15
20240229,4,102,1314,800,0,1036,0,0,722.7
20240229,1,103,822,800,0,1084,0,0,164.4
20240229,2,103,397,800,0,847,1,0,79.4
20240229,3,103,1287,800,0,704,0,0,257.4
20240229,4,103,644,800,1000,988,1,0,128.8
20240229,1,104,1358,800,0,901,0,0,135.8
20240229,2,104,231,800,0,1118,1,0,23.1
20240229,3,104,1360,800,1000,648,0,0,136.0
20240229,4,104,836,800,0,1240,0,0,83.6
20240229,1,105,1054,300,1000,355,0,0,2213.4
20240229,2,105,1612,300,1000,437,0,0,3385.2
20240229,3,105,1741,300,500,311,0,0,3656.1
20240229,4,105,1319,300,1000,482,0,0,2769.9
20240229,1,106,1939,300,500,452,0,0,6592.6
20240229,2,106,1204,300,0,424,0,0,4093.6
20240229,3,106,965,300,0,264,0,0,3281.0
20240229,4,106,1900,300,1000,440,0,0,6460.0
20240229,1,107,655,300,500,297,0,0,786.0
20240229,2,107,1881,300,0,245,0,0,2257.2
20240229,3,107,1009,300,0,301,0,0,1210.8
20240229,4,107,488,300,1000,481,0,0,585.6
20240229,1,108,1741,300,0,364,0,0,3133.8
20240229,2,108,1028,300,0,485,0,0,1850.4
20240229,3,108,865,300,500,312,0,0,1557.0
20240229,4,108,1484,300,0,353,0,0,2671.2
20240229,1,109,1316,300,0,211,0,0,5922.0
20240229,2,109,886,300,1000,321,0,0,3987.0
20240229,3,109,1241,300,1000,466,0,0,5584.5
20240229,4,109,1801,300,0,359,0,0,8104.5
20240229,1,110,1456,300,1000,293,0,0,4004.0
20240229,2,110,1797,300,1000,232,0,0,4941.75
20240229,3,110,1712,300,0,225,0,0,4708.0
20240229,4,110,1317,300,500,268,0,0,3621.75
20240229,1,111,1750,300,0,410,0,0,5425.0
20240229,2,111,1148,300,500,379,0,0,3558.8
20240229,3,111,560,300,500,427,0,0,1736.0
20240229,4,111,1802,300,0,320,0,0,5586.2
20240229,1,112,545,300,0,344,0,0,3052.0
20240229,2,112,955,300,0,281,0,0,5348.0
20240229,3,112,889,300,0,211,0,0,4978.4
20240229,4,112,599,300,0,435,0,0,3354.4
20240229,1,113,517,300,500,468,0,0,439.45
20240229,2,113,1078,300,0,375,0,0,916.3
20240229,3,113,1573,300,1000,470,0,0,1337.05
20240229,4,113,1071,300,1000,297,0,0,910.35
20240229,1,114,769,300,0,229,0,0,1076.6
20240229,2,114,1979,300,1000,237,0,0,2770.6
20240229,3,114,600,300,500,273,0,0,840.0
20240229,4,114,847,300,500,429,0,0,1185.8
20240229,1,115,1273,300,0,384,0,0,2927.9
20240229,2,115,1610,300,1000,217,0,0,3703.0
20240229,3,115,401,300,0,418,0,0,922.3
20240229,4,115,1971,300,500,273,0,0,4533.3
20240331,1,101,817,800,1000,802,0,0,326.8
20240331,2,101,1311,800,500,1125,0,0,524.4
20240331,3,101,1046,800,0,1068,0,0,418.4
20240331,4,101,1272,800,0,1143,0,0,508.8
20240331,1,102,1175,800,1000,578,0,0,646.25
20240331,2,102,467,800,0,803,1,0,256.85
20240331,3,102,514,800,1000,977,1,0,282.7
20240331,4,102,645,800,1000,854,1,0,354.75
20240331,1,103,649,800,0,893,1,0,129.8
20240331,2,103,790,800,0,1225,1,0,158.0
20240331,3,103,631,800,0,624,1,0,126.2
20240331,4,103,542,800,0,704,1,0,108.4
20240331,1,104,858,800,500,940,0,0,85.8
20240331,2,104,1099,800,0,748,0,0,109.9
20240331,3,104,623,800,0,1246,1,0,62.3
20240331,4,104,1275,800,0,1114,0,0,127.5
20240331,1,105,1487,300,1000,296,0,0,3122.7
20240331,2,105,1315,300,1000,281,0,0,2761.5
20240331,3,105,1290,300,0,271,0,0,2709.0
20240331,4,105,1138,300,1000,450,0,0,2389.8
20240331,1,106,1911,300,500,322,0,0,6497.4
20240331,2,106,357,300,1000,315,0,0,1213.8
20240331,3,106,1818,300,0,255,0,0,6181.2
20240331,4,106,1475,300,0,243,0,0,5015.0
20240331,1,107,720,300,0,243,0,0,864.0
20240331,2,107,785,300,1000,452,0,0,942.0
20240331,3,107,1450,300,0,344,0,0,1740.0
20240331,4,107,1968,300,500,423,0,0,2361.6
20240331,1,108,623,300,1000,283,0,0,1121.4
20240331,2,108,1968,300,0,377,0,0,3542.4
20240331,3,108,754,300,0,463,0,0,1357.2
20240331,4,108,1828,300,500,390,0,0,3290.4
20240331,1,109,1232,300,0,395,0,0,5544.0
20240331,2,109,425,300,1000,322,0,0,1912.5
20240331,3,109,1163,300,0,458,0,0,5233.5
20240331,4,109,1462,300,500,486,0,0,6579.0
20240331,1,110,543,300,0,266,0,0,1493.25
20240331,2,110,1688,300,500,267,0,0,4642.0
20240331,3,110,1046,300,500,371,0,0,2876.5
20240331,4,110,1501,300,0,241,0,0,4127.75
20240331,1,111,1416,300,500,484,0,0,4389.6
20240331,2,111,1984,300,1000,308,0,0,6150.4
20240331,3,111,665,300,500,260,0,0,2061.5
20240331,4,111,409,300,1000,419,0,0,1267.9
20240331,1,112,1307,300,0,342,0,0,7319.2
20240331,2,112,1799,300,0,295,0,0,10074.4
20240331,3,112,1804,300,0,430,0,0,10102.4
20240331,4,112,866,300,0,233,0,0,4849.6
20240331,1,113,1191,300,500,372,0,0,1012.35
20240331,2,113,1090,300,500,370,0,0,926.5
20240331,3,113,878,300,0,230,0,0,746.3
20240331,4,113,855,300,1000,370,0,0,726.75
20240331,1,114,754,300,0,268,0,0,1055.6
20240331,2,114,1189,300,0,464,0,0,1664.6
20240331,3,114,1156,300,500,371,0,0,1618.4
20240331,4,114,713,300,1000,321,0,0,998.2
20240331,1,115,1225,300,1000,343,0,0,2817.5
20240331,2,115,1099,300,0,311,0,0,2527.7
20240331,3,115,1494,300,1000,230,0,0,3436.2
20240331,4,115,1938,300,500,235,0,0,4457.4
20240430,1,101,726,800,0,961,1,0,290.4
20240430,2,101,650,800,0,1231,1,0,260.0
20240430,3,101,1314,800,500,668,0,0,525.6
20240430,4,101,1206,800,0,678,0,0,482.4
20240430,1,102,226,800,1000,1151,1,0,124.3
20240430,2,102,435,800,500,1163,1,0,239.25
20240430,3,102,267,800,0,593,1,0,146.85
20240430,4,102,658,800,0,780,1,0,361.9
20240430,1,103,1276,800,0,761,0,0,255.2
20240430,2,103,575,800,0,837,1,0,115.0
20240430,3,103,714,800,1000,985,1,0,142.8
20240430,4,103,352,800,500,1254,1,0,70.4
20240430,1,104,226,800,0,541,1,0,22.6
20240430,2,104,1274,800,1000,610,0,0,127.4
20240430,3,104,987,800,500,1134,0,0,98.7
20240430,4,104,237,800,500,1144,1,0,23.7
20240430,1,105,1989,300,0,305,0,0,4176.9
20240430,2,105,1335,300,0,358,0,0,2803.5
20240430,3,105,404,300,1000,337,0,0,848.4
20240430,4,105,1522,300,1000,339,0,0,3196.2
20240430,1,106,823,300,1000,336,0,0,2798.2
20240430,2,106,424,300,1000,243,0,0,1441.6
20240430,3,106,1990,300,0,423,0,0,6766.0
20240430,4,106,1288,300,0,331,0,0,4379.2
20240430,1,107,808,300,0,225,0,0,969.6
20240430,2,107,1392,300,1000,368,0,0,1670.4
20240430,3,107,1248,300,0,460,0,0,1497.6
20240430,4,107,1093,300,1000,238,0,0,1311.6
20240430,1,108,1891,300,500,311,0,0,3403.8
20240430,2,108,1746,300,1000,383,0,0,3142.8
20240430,3,108,671,300,1000,340,0,0,1207.8
20240430,4,108,592,300,0,400,0,0,1065.6
20240430,1,109,981,300,0,443,0,0,4414.5
20240430,2,109,1305,300,1000,267,0,0,5872.5
20240430,3,109,724,300,1000,211,0,0,3258.0
20240430,4,109,1550,300,1000,352,0,0,6975.0
20240430,1,110,1182,300,1000,421,0,0,3250.5
20240430,2,110,421,300,500,398,0,0,1157.75
20240430,3,110,1321,300,0,473,0,0,3632.75
20240430,4,110,1375,300,1000,486,0,0,3781.25
20240430,1,111,1330,300,500,442,0,0,4123.0
20240430,2,111,1777,300,0,488,0,0,5508.7
20240430,3,111,1191,300,500,286,0,0,3692.1
20240430,4,111,1366,300,0,257,0,0,4234.6
20240430,1,112,761,300,0,347,0,0,4261.6
20240430,2,112,1359,300,1000,457,0,0,7610.4
20240430,3,112,1917,300,500,376,0,0,10735.2
20240430,4,112,1985,300,500,415,0,0,11116.0
20240430,1,113,1411,300,1000,393,0,0,1199.35
20240430,2,113,1143,300,1000,383,0,0,971.55
20240430,3,113,1544,300,500,482,0,0,1312.4
20240430,4,113,1874,300,0,307,0,0,1592.9
20240430,1,114,1636,300,0,287,0,0,2290.4
20240430,2,114,1257,300,500,451,0,0,1759.8
20240430,3,114,1676,300,0,410,0,0,2346.4
20240430,4,114,615,300,500,216,0,0,861.0
20240430,1,115,1096,300,0,333,0,0,2520.8
20240430,2,115,697,300,0,366,0,0,1603.1
20240430,3,115,908,300,1000,298,0,0,2088.4
20240430,4,115,814,300,500,303,0,0,1872.2
20240531,1,101,255,800,0,857,1,0,102.0
20240531,2,101,915,800,500,938,0,0,366.0
20240531,3,101,266,800,1000,917,1,0,106.4
20240531,4,101,967,800,0,923,0,0,386.8
20240531,1,102,606,800,500,1205,1,0,333.3
20240531,2,102,1388,800,0,674,0,0,763.4
20240531,3,102,447,800,0,833,1,0,245.85
20240531,4,102,977,800,500,1242,0,0,537.35
20240531,1,103,1274,800,0,1041,0,0,254.8
20240531,2,103,766,800,0,881,1,0,153.2
20240531,3,103,1139,800,0,579,0,0,227.8
20240531,4,103,762,800,0,793,1,0,152.4
20240531,1,104,991,800,0,667,0,0,99.1
20240531,2,104,727,800,0,766,1,0,72.7
20240531,3,104,293,800,0,833,1,0,29.3
20240531,4,104,1257,800,0,1165,0,0,125.7
20240531,1,105,1275,300,1000,267,0,0,2677.5
20240531,2,105,946,300,1000,340,0,0,1986.6
20240531,3,105,1676,300,1000,284,0,0,3519.6
20240531,4,105,1965,300,1000,451,0,0,4126.5
20240531,1,106,1876,300,0,279,0,0,6378.4
20240531,2,106,629,300,1000,265,0,0,2138.6
20240531,3,106,1955,300,1000,284,0,0,6647.0
20240531,4,106,1037,300,0,429,0,0,3525.8
20240531,1,107,1801,300,500,439,0,0,2161.2
20240531,2,107,492,300,0,455,0,0,590.4
20240531,3,107,393,300,0,385,0,0,471.6
20240531,4,107,1243,300,0,345,0,0,1491.6
20240531,1,108,1442,300,0,400,0,0,2595.6
20240531,2,108,1571,300,500,242,0,0,2827.8
20240531,3,108,962,300,500,375,0,0,1731.6
20240531,4,108,1295,300,1000,368,0,0,2331.0
20240531,1,109,1311,300,0,355,0,0,5899.5
20240531,2,109,833,300,0,329,0,0,3748.5
20240531,3,109,889,300,500,270,0,0,4000.5
20240531,4,109,1008,300,1000,451,0,0,4536.0
20240531,1,110,1110,300,500,407,0,0,3052.5
20240531,2,110,1318,300,0,449,0,0,3624.5
20240531,3,110,396,300,500,397,0,0,1089.0
20240531,4,110,1923,300,0,324,0,0,5288.25
20240531,1,111,730,300,1000,218,0,0,2263.0
20240531,2,111,1176,300,1000,303,0,0,3645.6
20240531,3,111,1898,300,1000,226,0,0,5883.8
20240531,4,111,524,300,0,473,0,0,1624.4
20240531,1,112,1578,300,0,276,0,0,8836.8
20240531,2,112,1822,300,1000,468,0,0,10203.2
20240531,3,112,797,300,0,245,0,0,4463.2
20240531,4,112,1357,300,1000,280,0,0,7599.2
20240531,1,113,1575,300,500,478,0,0,1338.75
20240531,2,113,559,300,0,464,0,0,475.15
20240531,3,113,858,300,1000,325,0,0,729.3
20240531,4,113,1375,300,1000,212,0,0,1168.75
20240531,1,114,1770,300,0,346,0,0,2478.0
20240531,2,114,485,300,0,385,0,0,679.0
20240531,3,114,1893,300,1000,446,0,0,2650.2
20240531,4,114,1094,300,0,458,0,0,1531.6
20240531,1,115,1225,300,500,221,0,0,2817.5
20240531,2,115,423,300,1000,357,0,0,972.9
20240531,3,115,1909,300,500,333,0,0,4390.7
20240531,4,115,1846,300,500,353,0,0,4245.8
20240630,1,101,601,800,0,704,1,0,240.4
20240630,2,101,1259,800,500,872,0,0,503.6
20240630,3,101,1086,800,500,1015,0,0,434.4
20240630,4,101,214,800,500,1171,1,0,85.6
20240630,1,102,464,800,1000,672,1,0,255.2
20240630,2,102,318,800,0,676,1,0,174.9
20240630,3,102,1125,800,0,1110,0,0,618.75
20240630,4,102,998,800,500,716,0,0,548.9
20240630,1,103,369,800,1000,894,1,0,73.8
20240630,2,103,1263,800,500,1077,0,0,252.6
20240630,3,103,1229,800,500,1222,0,0,245.8
20240630,4,103,747,800,0,936,1,0,149.4
20240630,1,104,1372,800,500,1257,0,0,137.2
20240630,2,104,641,800,0,683,1,0,64.1
20240630,3,104,581,800,0,872,1,0,58.1
20240630,4,104,961,800,1000,543,0,0,96.1
20240630,1,105,1810,300,500,253,0,0,3801.0
20240630,2,105,1618,300,0,244,0,0,3397.8
20240630,3,105,1090,300,0,267,0,0,2289.0
20240630,4,105,1679,300,0,461,0,0,3525.9
20240630,1,106,1593,300,1000,316,0,0,5416.2
20240630,2,106,798,300,0,478,0,0,2713.2
20240630,3,106,688,300,0,310,0,0,2339.2
20240630,4,106,1168,300,500,284,0,0,3971.2
20240630,1,107,356,300,0,218,0,0,427.2
20240630,2,107,1573,300,0,434,0,0,1887.6
20240630,3,107,913,300,0,435,0,0,1095.6
20240630,4,107,1748,300,1000,268,0,0,2097.6
20240630,1,108,684,300,0,242,0,0,1231.2
20240630,2,108,1636,300,500,270,0,0,2944.8
20240630,3,108,1493,300,500,211,0,0,2687.4
20240630,4,108,948,300,0,266,0,0,1706.4
20240630,1,109,1710,300,0,405,0,0,7695.0
20240630,2,109,1902,300,1000,471,0,0,8559.0
20240630,3,109,608,300,0,294,0,0,2736.0
20240630,4,109,604,300,0,368,0,0,2718.0
20240630,1,110,464,300,500,293,0,0,1276.0
20240630,2,110,939,300,1000,270,0,0,2582.25
20240630,3,110,1407,300,500,334,0,0,3869.25
20240630,4,110,1344,300,1000,457,0,0,3696.0
20240630,1,111,1551,300,0,285,0,0,4808.1
20240630,2,111,1817,300,500,388,0,0,5632.7
20240630,3,111,1020,300,0,357,0,0,3162.0
20240630,4,111,564,300,500,450,0,0,1748.4
20240630,1,112,1447,300,0,346,0,0,8103.2
20240630,2,112,1739,300,0,424,0,0,9738.4
20240630,3,112,632,300,1000,470,0,0,3539.2
20240630,4,112,619,300,500,453,0,0,3466.4
20240630,1,113,551,300,500,261,0,0,468.35
20240630,2,113,1092,300,500,391,0,0,928.2
20240630,3,113,1754,300,1000,426,0,0,1490.9
20240630,4,113,1954,300,0,304,0,0,1660.9
20240630,1,114,1043,300,0,278,0,0,1460.2
20240630,2,114,1401,300,0,371,0,0,1961.4
20240630,3,114,1840,300,500,446,0,0,2576.0
20240630,4,114,886,300,1000,318,0,0,1240.4
20240630,1,115,1732,300,500,214,0,0,3983.6
20240630,2,115,1801,300,500,353,0,0,4142.3
20240630,3,115,926,300,0,457,0,0,2129.8
20240630,4,115,1016,300,0,352,0,0,2336.8
20240731,1,101,478,800,500,747,1,0,191.2
20240731,2,101,794,800,0,710,1,0,317.6
20240731,3,101,880,800,0,859,0,0,352.0
20240731,4,101,1045,800,500,789,0,0,418.0
20240731,1,102,921,800,0,805,0,0,506.55
20240731,2,102,881,800,0,1158,0,0,484.55
20240731,3,102,1239,800,0,1018,0,0,681.45
20240731,4,102,1114,800,1000,1098,0,0,612.7
20240731,1,103,814,800,1000,1092,0,0,162.8
20240731,2,103,1125,800,1000,1212,0,0,225.0
20240731,3,103,756,800,500,953,1,0,151.2
20240731,4,103,568,800,500,744,1,0,113.6
20240731,1,104,440,800,0,696,1,0,44.0
20240731,2,104,1116,800,0,1153,0,0,111.6
20240731,3,104,708,800,1000,969,1,0,70.8
20240731,4,104,278,800,0,895,1,0,27.8
20240731,1,105,1805,300,500,454,0,0,3790.5
20240731,2,105,1095,300,500,363,0,0,2299.5
20240731,3,105,985,300,1000,339,0,0,2068.5
20240731,4,105,893,300,0,332,0,0,1875.3
20240731,1,106,621,300,0,399,0,0,2111.4
20240731,2,106,1048,300,1000,394,0,0,3563.2
20240731,3,106,1350,300,0,253,0,0,4590.0
20240731,4,106,1095,300,0,306,0,0,3723.0
20240731,1,107,411,300,0,427,0,0,493.2
20240731,2,107,1232,300,1000,283,0,0,1478.4
20240731,3,107,1853,300,0,315,0,0,2223.6
20240731,4,107,603,300,0,465,0,0,723.6
20240731,1,108,663,300,1000,251,0,0,1193.4
20240731,2,108,1338,300,1000,310,0,0,2408.4
20240731,3,108,1999,300,0,473,0,0,3598.2
20240731,4,108,1103,300,0,404,0,0,1985.4
20240731,1,109,763,300,500,238,0,0,3433.5
20240731,2,109,1654,300,0,225,0,0,7443.0
20240731,3,109,929,300,500,304,0,0,4180.5
20240731,4,109,842,300,500,308,0,0,3789.0
20240731,1,110,1624,300,500,458,0,0,4466.0
20240731,2,110,1094,300,1000,434,0,0,3008.5
20240731,3,110,601,300,1000,487,0,0,1652.75
20240731,4,110,1708,300,0,266,0,0,4697.0
20240731,1,111,1976,300,1000,405,0,0,6125.6
20240731,2,111,1915,300,1000,326,0,0,5936.5
20240731,3,111,460,300,500,422,0,0,1426.0
20240731,4,111,967,300,0,218,0,0,2997.7
20240731,1,112,1204,300,0,292,0,0,6742.4
20240731,2,112,512,300,1000,234,0,0,2867.2
20240731,3,112,1025,300,1000,366,0,0,5740.0
20240731,4,112,1918,300,0,236,0,0,10740.8
20240731,1,113,1820,300,1000,373,0,0,1547.0
20240731,2,113,806,300,1000,365,0,0,685.1
20240731,3,113,444,300,0,453,0,0,377.4
20240731,4,113,1718,300,1000,220,0,0,1460.3
20240731,1,114,1529,300,500,390,0,0,2140.6
20240731,2,114,400,300,0,219,0,0,560.0
20240731,3,114,1111,300,0,377,0,0,1555.4
20240731,4,114,540,300,0,313,0,0,756.0
20240731,1,115,769,300,0,222,0,0,1768.7
20240731,2,115,1181,300,500,223,0,0,2716.3
20240731,3,115,1601,300,0,402,0,0,3682.3
20240731,4,115,1852,300,0,408,0,0,4259.6
20240831,1,101,1368,800,1000,714,0,0,547.2
20240831,2,101,287,800,0,1194,1,0,114.8
20240831,3,101,683,800,1000,913,1,0,273.2
20240831,4,101,328,800,0,920,1,0,131.2
20240831,1,102,780,800,1000,914,1,0,429.0
20240831,2,102,1044,800,1000,851,0,0,574.2
20240831,3,102,708,800,500,1174,1,0,389.4
20240831,4,102,476,800,0,931,1,0,261.8
20240831,1,103,812,800,0,673,0,0,162.4
20240831,2,103,581,800,1000,853,1,0,116.2
20240831,3,103,1184,800,500,647,0,0,236.8
20240831,4,103,1045,800,500,737,0,0,209.0
20240831,1,104,261,800,500,873,1,0,26.1
20240831,2,104,1344,800,0,1091,0,0,134.4
20240831,3,104,540,800,1000,971,1,0,54.0
20240831,4,104,1089,800,1000,712,0,0,108.9
20240831,1,105,1566,300,500,355,0,0,3288.6
20240831,2,105,1748,300,1000,334,0,0,3670.8
20240831,3,105,969,300,500,380,0,0,2034.9
20240831,4,105,695,300,500,318,0,0,1459.5
20240831,1,106,1263,300,0,295,0,0,4294.2
20240831,2,106,876,300,1000,438,0,0,2978.4
20240831,3,106,794,300,500,279,0,0,2699.6
20240831,4,106,1019,300,500,436,0,0,3464.6
20240831,1,107,1176,300,500,393,0,0,1411.2
20240831,2,107,751,300,500,212,0,0,901.2
20240831,3,107,662,300,1000,431,0,0,794.4
20240831,4,107,1544,300,0,447,0,0,1852.8
20240831,1,108,1507,300,1000,285,0,0,2712.6
20240831,2,108,1556,300,1000,319,0,0,2800.8
20240831,3,108,1717,300,0,478,0,0,3090.6
20240831,4,108,599,300,0,445,0,0,1078.2
20240831,1,109,1530,300,0,278,0,0,6885.0
20240831,2,109,1931,300,0,284,0,0,8689.5
20240831,3,109,1497,300,1000,248,0,0,6736.5
20240831,4,109,457,300,0,340,0,0,2056.5
20240831,1,110,821,300,1000,407,0,0,2257.75
20240831,2,110,1934,300,500,224,0,0,5318.5
20240831,3,110,1142,300,0,267,0,0,3140.5
20240831,4,110,1197,300,1000,467,0,0,3291.75
20240831,1,111,1797,300,500,348,0,0,5570.7
20240831,2,111,850,300,0,469,0,0,2635.0
20240831,3,111,1962,300,500,301,0,0,6082.2
20240831,4,111,1138,300,500,399,0,0,3527.8
20240831,1,112,1270,300,1000,392,0,0,7112.0
20240831,2,112,1714,300,500,441,0,0,9598.4
20240831,3,112,1292,300,1000,367,0,0,7235.2
20240831,4,112,354,300,0,458,0,0,1982.4
20240831,1,113,1040,300,0,447,0,0,884.0
20240831,2,113,619,300,1000,388,0,0,526.15
20240831,3,113,1330,300,1000,283,0,0,1130.5
20240831,4,113,873,300,500,270,0,0,742.05
20240831,1,114,1198,300,0,256,0,0,1677.2
20240831,2,114,424,300,500,325,0,0,593.6
20240831,3,114,872,300,1000,309,0,0,1220.8
20240831,4,114,864,300,500,259,0,0,1209.6
20240831,1,115,475,300,500,252,0,0,1092.5
20240831,2,115,1752,300,1000,334,0,0,4029.6
20240831,3,115,1283,300,0,452,0,0,2950.9
20240831,4,115,631,300,0,279,0,0,1451.3
20240930,1,101,369,800,0,951,1,0,147.6
20240930,2,101,1280,800,500,1022,0,0,512.0
20240930,3,101,244,800,500,834,1,0,97.6
20240930,4,101,407,800,0,701,1,0,162.8
20240930,1,102,1320,800,500,575,0,0,726.0
20240930,2,102,379,800,500,1252,1,0,208.45
20240930,3,102,580,800,0,1050,1,0,319.0
20240930,4,102,1225,800,1000,1187,0,0,673.75
20240930,1,103,1041,800,0,674,0,0,208.2
20240930,2,103,1203,800,0,1101,0,0,240.6
20240930,3,103,463,800,0,687,1,0,92.6
20240930,4,103,396,800,0,829,1,0,79.2
20240930,1,104,1235,800,0,1070,0,0,123.5
20240930,2,104,1205,800,0,567,0,0,120.5
20240930,3,104,509,800,0,974,1,0,50.9
20240930,4,104,1282,800,500,791,0,0,128.2
20240930,1,105,1690,300,500,372,0,0,3549.0
20240930,2,105,1920,300,1000,311,0,0,4032.0
20240930,3,105,1575,300,0,303,0,0,3307.5
20240930,4,105,621,300,1000,215,0,0,1304.1
20240930,1,106,719,300,500,382,0,0,2444.6
20240930,2,106,1229,300,0,478,0,0,4178.6
20240930,3,106,1992,300,500,270,0,0,6772.8
20240930,4,106,1381,300,0,222,0,0,4695.4
20240930,1,107,362,300,1000,344,0,0,434.4
20240930,2,107,1869,300,500,244,0,0,2242.8
20240930,3,107,432,300,1000,231,0,0,518.4
20240930,4,107,1569,300,0,461,0,0,1882.8
20240930,1,108,636,300,0,322,0,0,1144.8
20240930,2,108,1553,300,1000,290,0,0,2795.4
20240930,3,108,1995,300,0,440,0,0,3591.0
20240930,4,108,575,300,500,489,0,0,1035.0
20240930,1,109,839,300,0,222,0,0,3775.5
20240930,2,109,853,300,0,380,0,0,3838.5
20240930,3,109,1258,300,500,279,0,0,5661.0
20240930,4,109,528,300,0,325,0,0,2376.0
20240930,1,110,1192,300,500,321,0,0,3278.0
20240930,2,110,438,300,0,272,0,0,1204.5
20240930,3,110,1172,300,0,463,0,0,3223.0
20240930,4,110,1078,300,500,352,0,0,2964.5
20240930,1,111,1207,300,0,280,0,0,3741.7
20240930,2,111,1017,300,500,304,0,0,3152.7
20240930,3,111,1212,300,1000,473,0,0,3757.2
20240930,4,111,460,300,0,323,0,0,1426.0
20240930,1,112,1318,300,0,250,0,0,7380.8
20240930,2,112,1832,300,500,241,0,0,10259.2
20240930,3,112,365,300,500,462,0,0,2044.0
20240930,4,112,1753,300,1000,363,0,0,9816.8
20240930,1,113,435,300,1000,372,0,0,369.75
20240930,2,113,1003,300,1000,477,0,0,852.55
20240930,3,113,1932,300,0,482,0,0,1642.2
20240930,4,113,520,300,0,447,0,0,442.0
20240930,1,114,1279,300,0,436,0,0,1790.6
20240930,2,114,843,300,500,433,0,0,1180.2
20240930,3,114,734,300,0,422,0,0,1027.6
20240930,4,114,823,300,0,386,0,0,1152.2
20240930,1,115,1108,300,500,358,0,0,2548.4
20240930,2,115,1853,300,500,481,0,0,4261.9
20240930,3,115,1207,300,500,342,0,0,2776.1
20240930,4,115,464,300,1000,372,0,0,1067.2
20241031,1,101,585,800,0,1159,1,0,234.0
20241031,2,101,1281,800,0,563,0,0,512.4
20241031,3,101,755,800,0,825,1,0,302.0
20241031,4,101,742,800,1000,1079,1,0,296.8
20241031,1,102,884,800,500,1072,0,0,486.2
20241031,2,102,1374,800,0,642,0,0,755.7
20241031,3,102,270,800,500,589,1,0,148.5
20241031,4,102,332,800,500,1051,1,0,182.6
20241031,1,103,1314,800,0,1100,0,0,262.8
20241031,2,103,401,800,0,976,1,0,80.2
20241031,3,103,589,800,500,821,1,0,117.8
20241031,4,103,947,800,0,701,0,0,189.4
20241031,1,104,1053,800,0,1090,0,0,105.3
20241031,2,104,213,800,500,887,1,0,21.3
20241031,3,104,954,800,500,679,0,0,95.4
20241031,4,104,308,800,0,955,1,0,30.8
20241031,1,105,1456,300,500,243,0,0,3057.6
20241031,2,105,1929,300,500,275,0,0,4050.9
20241031,3,105,1269,300,0,389,0,0,2664.9
20241031,4,105,650,300,0,430,0,0,1365.0
20241031,1,106,371,300,500,333,0,0,1261.4
20241031,2,106,577,300,0,305,0,0,1961.8
20241031,3,106,1783,300,0,364,0,0,6062.2
20241031,4,106,1742,300,0,451,0,0,5922.8
20241031,1,107,1635,300,1000,235,0,0,1962.0
20241031,2,107,1664,300,500,316,0,0,1996.8
20241031,3,107,572,300,1000,316,0,0,686.4
20241031,4,107,1260,300,500,220,0,0,1512.0
20241031,1,108,1587,300,0,348,0,0,2856.6
20241031,2,108,1864,300,0,481,0,0,3355.2
20241031,3,108,1935,300,0,218,0,0,3483.0
20241031,4,108,1786,300,0,484,0,0,3214.8
20241031,1,109,1754,300,500,411,0,0,7893.0
20241031,2,109,1557,300,0,426,0,0,7006.5
20241031,3,109,1592,300,0,279,0,0,7164.0
20241031,4,109,1682,300,0,346,0,0,7569.0
20241031,1,110,783,300,1000,290,0,0,2153.25
20241031,2,110,1373,300,0,355,0,0,3775.75
20241031,3,110,1811,300,500,412,0,0,4980.25
20241031,4,110,438,300,1000,308,0,0,1204.5
20241031,1,111,1819,300,500,469,0,0,5638.9
20241031,2,111,1076,300,0,484,0,0,3335.6
20241031,3,111,1034,300,0,470,0,0,3205.4
20241031,4,111,1104,300,1000,216,0,0,3422.4
20241031,1,112,1368,300,1000,452,0,0,7660.8
20241031,2,112,363,300,500,319,0,0,2032.8
20241031,3,112,375,300,1000,360,0,0,2100.0
20241031,4,112,1677,300,500,329,0,0,9391.2
20241031,1,113,1686,300,0,336,0,0,1433.1
20241031,2,113,1539,300,0,324,0,0,1308.15
20241031,3,113,1906,300,0,483,0,0,1620.1
20241031,4,113,1643,300,1000,430,0,0,1396.55
20241031,1,114,482,300,0,367,0,0,674.8
20241031,2,114,1399,300,0,417,0,0,1958.6
20241031,3,114,404,300,0,332,0,0,565.6
20241031,4,114,356,300,0,375,0,0,498.4
20241031,1,115,1520,300,0,438,0,0,3496.0
20241031,2,115,487,300,1000,223,0,0,1120.1
20241031,3,115,752,300,0,349,0,0,1729.6
20241031,4,115,1181,300,0,357,0,0,2716.3
20241130,1,101,497,800,1000,1399,1,0,198.8
20241130,2,101,662,800,1000,1768,1,0,264.8
20241130,3,101,205,800,500,1637,1,0,82.0
20241130,4,101,632,800,0,1667,1,0,252.8
20241130,1,102,680,800,0,1878,1,0,374.0
20241130,2,102,222,800,0,1512,1,0,122.1
20241130,3,102,590,800,1000,1216,1,0,324.5
20241130,4,102,141,800,1000,1381,1,0,77.55
20241130,1,103,468,800,500,1313,1,0,93.6
20241130,2,103,743,800,0,2005,1,0,148.6
20241130,3,103,298,800,0,906,1,0,59.6
20241130,4,103,245,800,0,1288,1,0,49.0
20241130,1,104,380,800,1000,1782,1,0,38.0
20241130,2,104,707,800,0,1269,1,0,70.7
20241130,3,104,164,800,1000,1275,1,0,16.4
20241130,4,104,587,800,1000,1724,1,0,58.7
20241130,1,105,1005,300,1000,622,0,0,2110.5
20241130,2,105,405,300,500,578,0,0,850.5
20241130,3,105,812,300,0,663,0,0,1705.2
20241130,4,105,744,300,1000,453,0,0,1562.4
20241130,1,106,698,300,500,559,0,0,2373.2
20241130,2,106,876,300,0,503,0,0,2978.4
20241130,3,106,883,300,500,629,0,0,3002.2
20241130,4,106,537,300,0,576,0,0,1825.8
20241130,1,107,612,300,1000,606,0,0,734.4
20241130,2,107,856,300,1000,672,0,0,1027.2
20241130,3,107,392,300,500,400,0,0,470.4
20241130,4,107,232,300,0,610,1,0,278.4
20241130,1,108,261,300,1000,735,1,0,469.8
20241130,2,108,672,300,0,402,0,0,1209.6
20241130,3,108,745,300,0,594,0,0,1341.0
20241130,4,108,832,300,1000,767,0,0,1497.6
20241130,1,109,840,300,0,430,0,0,3780.0
20241130,2,109,461,300,0,431,0,0,2074.5
20241130,3,109,278,300,0,678,1,0,1251.0
20241130,4,109,730,300,0,353,0,0,3285.0
20241130,1,110,914,300,1000,573,0,0,2513.5
20241130,2,110,772,300,1000,503,0,0,2123.0
20241130,3,110,457,300,500,713,0,0,1256.75
20241130,4,110,392,300,1000,644,0,0,1078.0
20241130,1,111,252,300,0,604,1,0,781.2
20241130,2,111,503,300,1000,449,0,0,1559.3
20241130,3,111,760,300,0,386,0,0,2356.0
20241130,4,111,821,300,0,516,0,0,2545.1
20241130,1,112,940,300,0,466,0,0,5264.0
20241130,2,112,607,300,0,538,0,0,3399.2
20241130,3,112,834,300,0,694,0,0,4670.4
20241130,4,112,347,300,0,373,0,0,1943.2
20241130,1,113,918,300,1000,564,0,0,780.3
20241130,2,113,570,300,0,691,0,0,484.5
20241130,3,113,831,300,500,643,0,0,706.35
20241130,4,113,686,300,500,710,0,0,583.1
20241130,1,114,917,300,0,477,0,0,1283.8
20241130,2,114,735,300,1000,660,0,0,1029.0
20241130,3,114,1071,300,0,541,0,0,1499.4
20241130,4,114,421,300,0,745,0,0,589.4
20241130,1,115,946,300,500,430,0,0,2175.8
20241130,2,115,914,300,500,428,0,0,2102.2
20241130,3,115,471,300,0,366,0,0,1083.3
20241130,4,115,564,300,1000,493,0,0,1297.2
20241231,1,101,268,800,1000,1045,1,0,107.2
20241231,2,101,415,800,0,1708,1,0,166.0
20241231,3,101,321,800,1000,1545,1,0,128.4
20241231,4,101,530,800,1000,1605,1,0,212.0
20241231,1,102,580,800,0,1880,1,0,319.0
20241231,2,102,398,800,0,1093,1,0,218.9
20241231,3,102,222,800,1000,1481,1,0,122.1
20241231,4,102,628,800,0,1793,1,0,345.4
20241231,1,103,714,800,500,1237,1,0,142.8
20241231,2,103,559,800,500,1126,1,0,111.8
20241231,3,103,762,800,500,1170,1,0,152.4
20241231,4,103,229,800,0,1769,1,0,45.8
20241231,1,104,185,800,0,1209,1,0,18.5
20241231,2,104,657,800,1000,1164,1,0,65.7
20241231,3,104,327,800,500,1184,1,0,32.7
20241231,4,104,768,800,0,996,1,0,76.8
20241231,1,105,193,300,0,717,1,0,405.3
20241231,2,105,1092,300,0,562,0,0,2293.2
20241231,3,105,913,300,1000,609,0,0,1917.3
20241231,4,105,893,300,0,431,0,0,1875.3
20241231,1,106,367,300,0,501,0,0,1247.8
20241231,2,106,553,300,0,572,0,0,1880.2
20241231,3,106,1089,300,0,381,0,0,3702.6
20241231,4,106,558,300,1000,352,0,0,1897.2
20241231,1,107,404,300,500,541,0,0,484.8
20241231,2,107,638,300,0,624,0,0,765.6
20241231,3,107,656,300,500,713,0,0,787.2
20241231,4,107,966,300,0,508,0,0,1159.2
20241231,1,108,532,300,500,743,0,0,957.6
20241231,2,108,512,300,1000,779,0,0,921.6
20241231,3,108,195,300,0,766,1,0,351.0
20241231,4,108,452,300,500,653,0,0,813.6
20241231,1,109,1085,300,1000,615,0,0,4882.5
20241231,2,109,975,300,0,400,0,0,4387.5
20241231,3,109,473,300,500,337,0,0,2128.5
20241231,4,109,286,300,1000,446,1,0,1287.0
20241231,1,110,524,300,0,459,0,0,1441.0
20241231,2,110,623,300,0,747,0,0,1713.25
20241231,3,110,1095,300,500,709,0,0,3011.25
20241231,4,110,484,300,1000,642,0,0,1331.0
20241231,1,111,1004,300,0,522,0,0,3112.4
20241231,2,111,1089,300,0,750,0,0,3375.9
20241231,3,111,784,300,0,359,0,0,2430.4
20241231,4,111,843,300,500,384,0,0,2613.3
20241231,1,112,405,300,500,395,0,0,2268.0
20241231,2,112,484,300,0,667,0,0,2710.4
20241231,3,112,192,300,0,410,1,0,1075.2
20241231,4,112,905,300,0,554,0,0,5068.0
20241231,1,113,641,300,0,507,0,0,544.85
20241231,2,113,239,300,500,531,1,0,203.15
20241231,3,113,940,300,0,572,0,0,799.0
20241231,4,113,570,300,500,390,0,0,484.5
20241231,1,114,438,300,0,530,0,0,613.2
20241231,2,114,597,300,0,398,0,0,835.8
20241231,3,114,575,300,0,483,0,0,805.0
20241231,4,114,677,300,500,583,0,0,947.8
20241231,1,115,686,300,0,634,0,0,1577.8
20241231,2,115,1010,300,1000,581,0,0,2323.0
20241231,3,115,829,300,0,651,0,0,1906.7
20241231,4,115,392,300,500,601,0,0,901.6
20250131,1,101,548,800,0,1126,1,0,219.2
20250131,2,101,437,800,0,1008,1,0,174.8
20250131,3,101,527,800,500,902,1,0,210.8
20250131,4,101,794,800,0,744,1,0,317.6
20250131,1,102,372,800,0,1127,1,0,204.6
20250131,2,102,941,800,1000,1188,0,0,517.55
20250131,3,102,1390,800,0,957,0,0,764.5
20250131,4,102,782,800,0,836,1,0,430.1
20250131,1,103,515,800,0,1192,1,0,103.0
20250131,2,103,532,800,0,617,1,0,106.4
20250131,3,103,818,800,0,649,0,0,163.6
20250131,4,103,1236,800,500,1045,0,0,247.2
20250131,1,104,1092,800,1000,830,0,0,109.2
20250131,2,104,808,800,0,1037,0,0,80.8
20250131,3,104,500,800,1000,674,1,0,50.0
20250131,4,104,455,800,0,1016,1,0,45.5
20250131,1,105,1286,300,500,475,0,0,2700.6
20250131,2,105,558,300,1000,297,0,0,1171.8
20250131,3,105,909,300,0,488,0,0,1908.9
20250131,4,105,991,300,0,432,0,0,2081.1
20250131,1,106,1823,300,0,366,0,0,6198.2
20250131,2,106,402,300,0,237,0,0,1366.8
20250131,3,106,476,300,500,457,0,0,1618.4
20250131,4,106,795,300,0,310,0,0,2703.0
20250131,1,107,1442,300,0,458,0,0,1730.4
20250131,2,107,832,300,500,261,0,0,998.4
20250131,3,107,863,300,0,413,0,0,1035.6
20250131,4,107,652,300,500,320,0,0,782.4
20250131,1,108,1154,300,1000,443,0,0,2077.2
20250131,2,108,1639,300,0,489,0,0,2950.2
20250131,3,108,673,300,0,488,0,0,1211.4
20250131,4,108,991,300,0,472,0,0,1783.8
20250131,1,109,1901,300,500,254,0,0,8554.5
20250131,2,109,1449,300,1000,333,0,0,6520.5
20250131,3,109,430,300,1000,342,0,0,1935.0
20250131,4,109,410,300,500,426,0,0,1845.0
20250131,1,110,1617,300,0,392,0,0,4446.75
20250131,2,110,1649,300,1000,389,0,0,4534.75
20250131,3,110,1223,300,1000,464,0,0,3363.25
20250131,4,110,969,300,0,481,0,0,2664.75
20250131,1,111,1785,300,1000,346,0,0,5533.5
20250131,2,111,624,300,0,221,0,0,1934.4
20250131,3,111,1681,300,500,259,0,0,5211.1
20250131,4,111,948,300,0,215,0,0,2938.8
20250131,1,112,797,300,0,457,0,0,4463.2
20250131,2,112,1108,300,0,215,0,0,6204.8
20250131,3,112,1728,300,1000,480,0,0,9676.8
20250131,4,112,646,300,500,433,0,0,3617.6
20250131,1,113,1997,300,0,306,0,0,1697.45
20250131,2,113,724,300,1000,306,0,0,615.4
20250131,3,113,482,300,1000,418,0,0,409.7
20250131,4,113,1714,300,0,376,0,0,1456.9
20250131,1,114,1344,300,1000,420,0,0,1881.6
20250131,2,114,1893,300,0,372,0,0,2650.2
20250131,3,114,1003,300,0,271,0,0,1404.2
20250131,4,114,1696,300,0,435,0,0,2374.4
20250131,1,115,696,300,0,464,0,0,1600.8
20250131,2,115,1677,300,0,481,0,0,3857.1
20250131,3,115,1633,300,0,427,0,0,3755.9
20250131,4,115,1290,300,1000,354,0,0,2967.0
20250228,1,101,1179,800,0,737,0,0,471.6
20250228,2,101,675,800,500,1190,1,0,270.0
20250228,3,101,1135,800,0,596,0,0,454.0
20250228,4,101,952,800,0,590,0,0,380.8
20250228,1,102,365,800,1000,1030,1,0,200.75
20250228,2,102,583,800,0,1008,1,0,320.65
20250228,3,102,852,800,0,764,0,0,468.6
20250228,4,102,1157,800,0,789,0,0,636.35
20250228,1,103,1161,800,0,896,0,0,232.2
20250228,2,103,967,800,0,1060,0,0,193.4
20250228,3,103,1329,800,500,947,0,0,265.8
20250228,4,103,1383,800,1000,682,0,0,276.6
20250228,1,104,909,800,1000,812,0,0,90.9
20250228,2,104,1052,800,1000,630,0,0,105.2
20250228,3,104,344,800,0,933,1,0,34.4
20250228,4,104,223,800,500,1196,1,0,22.3
20250228,1,105,1084,300,0,381,0,0,2276.4
20250228,2,105,876,300,500,417,0,0,1839.6
20250228,3,105,919,300,0,255,0,0,1929.9
20250228,4,105,1109,300,500,304,0,0,2328.9
20250228,1,106,751,300,0,408,0,0,2553.4
20250228,2,106,1870,300,500,381,0,0,6358.0
20250228,3,106,1068,300,500,236,0,0,3631.2
20250228,4,106,1196,300,0,394,0,0,4066.4
20250228,1,107,1075,300,0,467,0,0,1290.0
20250228,2,107,1791,300,0,217,0,0,2149.2
20250228,3,107,1191,300,1000,296,0,0,1429.2
20250228,4,107,569,300,0,483,0,0,682.8
20250228,1,108,1228,300,0,322,0,0,2210.4
20250228,2,108,1078,300,0,473,0,0,1940.4
20250228,3,108,1036,300,0,280,0,0,1864.8
20250228,4,108,1356,300,0,349,0,0,2440.8
20250228,1,109,641,300,0,276,0,0,2884.5
20250228,2,109,625,300,1000,452,0,0,2812.5
20250228,3,109,1347,300,1000,453,0,0,6061.5
20250228,4,109,430,300,0,457,0,0,1935.0
20250228,1,110,1739,300,0,270,0,0,4782.25
20250228,2,110,1466,300,0,249,0,0,4031.5
20250228,3,110,514,300,1000,227,0,0,1413.5
20250228,4,110,1972,300,0,308,0,0,5423.0
20250228,1,111,979,300,1000,417,0,0,3034.9
20250228,2,111,1884,300,500,455,0,0,5840.4
20250228,3,111,595,300,0,462,0,0,1844.5
20250228,4,111,1253,300,500,475,0,0,3884.3
20250228,1,112,1216,300,0,422,0,0,6809.6
20250228,2,112,1369,300,0,229,0,0,7666.4
20250228,3,112,976,300,0,276,0,0,5465.6
20250228,4,112,565,300,0,488,0,0,3164.0
20250228,1,113,1381,300,1000,255,0,0,1173.85
20250228,2,113,843,300,0,438,0,0,716.55
20250228,3,113,1849,300,500,428,0,0,1571.65
20250228,4,113,1540,300,500,398,0,0,1309.0
20250228,1,114,403,300,0,275,0,0,564.2
20250228,2,114,1440,300,0,352,0,0,2016.0
20250228,3,114,388,300,0,407,0,0,543.2
20250228,4,114,959,300,500,410,0,0,1342.6
20250228,1,115,1737,300,0,466,0,0,3995.1
20250228,2,115,614,300,0,350,0,0,1412.2
20250228,3,115,973,300,0,407,0,0,2237.9
20250228,4,115,398,300,0,335,0,0,915.4
20250331,1,101,475,800,500,1240,1,0,190.0
20250331,2,101,328,800,1000,996,1,0,131.2
20250331,3,101,1163,800,1000,1001,0,0,465.2
20250331,4,101,592,800,0,1086,1,0,236.8
20250331,1,102,776,800,1000,1160,1,0,426.8
20250331,2,102,222,800,0,1018,1,0,122.1
20250331,3,102,242,800,500,675,1,0,133.1
20250331,4,102,837,800,1000,724,0,0,460.35
20250331,1,103,619,800,500,759,1,0,123.8
20250331,2,103,413,800,0,836,1,0,82.6
20250331,3,103,335,800,0,1119,1,0,67.0
20250331,4,103,802,800,1000,541,0,0,160.4
20250331,1,104,224,800,500,619,1,0,22.4
20250331,2,104,449,800,0,782,1,0,44.9
20250331,3,104,883,800,1000,951,0,0,88.3
20250331,4,104,472,800,0,1058,1,0,47.2
20250331,1,105,1906,300,0,401,0,0,4002.6
20250331,2,105,611,300,0,377,0,0,1283.1
20250331,3,105,1081,300,1000,421,0,0,2270.1
20250331,4,105,1768,300,1000,246,0,0,3712.8
20250331,1,106,524,300,1000,315,0,0,1781.6
20250331,2,106,1949,300,0,409,0,0,6626.6
20250331,3,106,1989,300,1000,410,0,0,6762.6
20250331,4,106,1279,300,1000,328,0,0,4348.6
20250331,1,107,1856,300,1000,466,0,0,2227.2
20250331,2,107,480,300,0,350,0,0,576.0
20250331,3,107,1301,300,0,246,0,0,1561.2
20250331,4,107,786,300,0,359,0,0,943.2
20250331,1,108,1525,300,0,382,0,0,2745.0
20250331,2,108,1667,300,0,221,0,0,3000.6
20250331,3,108,1387,300,1000,272,0,0,2496.6
20250331,4,108,913,300,500,242,0,0,1643.4
20250331,1,109,867,300,500,305,0,0,3901.5
20250331,2,109,1376,300,1000,470,0,0,6192.0
20250331,3,109,523,300,1000,441,0,0,2353.5
20250331,4,109,807,300,500,241,0,0,3631.5
20250331,1,110,1487,300,0,349,0,0,4089.25
20250331,2,110,1535,300,1000,428,0,0,4221.25
20250331,3,110,1840,300,0,279,0,0,5060.0
20250331,4,110,1647,300,0,307,0,0,4529.25
20250331,1,111,1342,300,500,352,0,0,4160.2
20250331,2,111,1619,300,0,464,0,0,5018.9
20250331,3,111,567,300,500,276,0,0,1757.7
20250331,4,111,1151,300,0,219,0,0,3568.1
20250331,1,112,921,300,500,378,0,0,5157.6
20250331,2,112,1921,300,0,373,0,0,10757.6
20250331,3,112,1267,300,0,398,0,0,7095.2
20250331,4,112,997,300,500,218,0,0,5583.2
20250331,1,113,1190,300,0,354,0,0,1011.5
20250331,2,113,1211,300,1000,212,0,0,1029.35
20250331,3,113,461,300,1000,479,0,0,391.85
20250331,4,113,502,300,500,265,0,0,426.7
20250331,1,114,1494,300,500,262,0,0,2091.6
20250331,2,114,1756,300,500,310,0,0,2458.4
20250331,3,114,1678,300,500,411,0,0,2349.2
20250331,4,114,1897,300,0,398,0,0,2655.8
20250331,1,115,896,300,500,472,0,0,2060.8
20250331,2,115,423,300,1000,422,0,0,972.9
20250331,3,115,1407,300,1000,337,0,0,3236.1
20250331,4,115,1780,300,0,390,0,0,4094.0
20250430,1,101,477,800,0,1088,1,0,190.8
20250430,2,101,264,800,0,867,1,0,105.6
20250430,3,101,486,800,0,1206,1,0,194.4
20250430,4,101,244,800,500,896,1,0,97.6
20250430,1,102,339,800,0,1103,1,0,186.45
20250430,2,102,804,800,1000,616,0,0,442.2
20250430,3,102,1108,800,500,1021,0,0,609.4
20250430,4,102,1300,800,0,1182,0,0,715.0
20250430,1,103,772,800,0,1218,1,0,154.4
20250430,2,103,247,800,500,937,1,0,49.4
20250430,3,103,1037,800,1000,598,0,0,207.4
20250430,4,103,1056,800,500,1224,0,0,211.2
20250430,1,104,505,800,1000,630,1,0,50.5
20250430,2,104,798,800,500,1133,1,0,79.8
20250430,3,104,1219,800,0,1040,0,0,121.9
20250430,4,104,1352,800,1000,878,0,0,135.2
20250430,1,105,585,300,0,484,0,0,1228.5
20250430,2,105,1378,300,1000,340,0,0,2893.8
20250430,3,105,378,300,0,277,0,0,793.8
20250430,4,105,1018,300,1000,427,0,0,2137.8
20250430,1,106,1769,300,500,394,0,0,6014.6
20250430,2,106,809,300,0,339,0,0,2750.6
20250430,3,106,625,300,500,445,0,0,2125.0
20250430,4,106,1700,300,1000,426,0,0,5780.0
20250430,1,107,1509,300,1000,394,0,0,1810.8
20250430,2,107,875,300,0,421,0,0,1050.0
20250430,3,107,1658,300,0,283,0,0,1989.6
20250430,4,107,816,300,0,434,0,0,979.2
20250430,1,108,1255,300,0,283,0,0,2259.0
20250430,2,108,1524,300,0,289,0,0,2743.2
20250430,3,108,395,300,500,449,0,0,711.0
20250430,4,108,598,300,0,470,0,0,1076.4
20250430,1,109,1742,300,0,226,0,0,7839.0
20250430,2,109,1397,300,1000,424,0,0,6286.5
20250430,3,109,940,300,0,248,0,0,4230.0
20250430,4,109,521,300,500,468,0,0,2344.5
20250430,1,110,1761,300,1000,438,0,0,4842.75
20250430,2,110,548,300,0,256,0,0,1507.0
20250430,3,110,1102,300,0,461,0,0,3030.5
20250430,4,110,1322,300,0,216,0,0,3635.5
20250430,1,111,905,300,0,462,0,0,2805.5
20250430,2,111,1292,300,500,265,0,0,4005.2
20250430,3,111,666,300,500,458,0,0,2064.6
20250430,4,111,2000,300,1000,292,0,0,6200.0
20250430,1,112,1976,300,500,268,0,0,11065.6
20250430,2,112,632,300,500,235,0,0,3539.2
20250430,3,112,1679,300,0,267,0,0,9402.4
20250430,4,112,499,300,500,282,0,0,2794.4
20250430,1,113,1654,300,0,241,0,0,1405.9
20250430,2,113,405,300,0,217,0,0,344.25
20250430,3,113,373,300,1000,238,0,0,317.05
20250430,4,113,1859,300,1000,391,0,0,1580.15
20250430,1,114,767,300,0,429,0,0,1073.8
20250430,2,114,1088,300,0,259,0,0,1523.2
20250430,3,114,1732,300,500,284,0,0,2424.8
20250430,4,114,1674,300,1000,429,0,0,2343.6
20250430,1,115,1246,300,0,419,0,0,2865.8
20250430,2,115,1098,300,0,366,0,0,2525.4
20250430,3,115,1721,300,0,298,0,0,3958.3
20250430,4,115,1219,300,0,244,0,0,2803.7
20250531,1,101,1038,800,0,1233,0,0,415.2
20250531,2,101,840,800,500,734,0,0,336.0
20250531,3,101,490,800,1000,1110,1,0,196.0
20250531,4,101,374,800,500,1152,1,0,149.6
20250531,1,102,874,800,500,690,0,0,480.7
20250531,2,102,848,800,0,829,0,0,466.4
20250531,3,102,460,800,500,583,1,0,253.0
20250531,4,102,418,800,500,1153,1,0,229.9
20250531,1,103,1388,800,500,1236,0,0,277.6
20250531,2,103,574,800,0,636,1,0,114.8
20250531,3,103,911,800,500,967,0,0,182.2
20250531,4,103,912,800,0,1039,0,0,182.4
20250531,1,104,882,800,0,905,0,0,88.2
20250531,2,104,261,800,500,560,1,0,26.1
20250531,3,104,1215,800,500,572,0,0,121.5
20250531,4,104,1218,800,0,961,0,0,121.8
20250531,1,105,1641,300,1000,436,0,0,3446.1
20250531,2,105,1088,300,500,430,0,0,2284.8
20250531,3,105,953,300,0,310,0,0,2001.3
20250531,4,105,924,300,1000,347,0,0,1940.4
20250531,1,106,1338,300,500,289,0,0,4549.2
20250531,2,106,910,300,1000,284,0,0,3094.0
20250531,3,106,1552,300,0,219,0,0,5276.8
20250531,4,106,1224,300,500,435,0,0,4161.6
20250531,1,107,449,300,1000,212,0,0,538.8
20250531,2,107,1513,300,0,319,0,0,1815.6
20250531,3,107,1468,300,1000,245,0,0,1761.6
20250531,4,107,1869,300,1000,311,0,0,2242.8
20250531,1,108,1097,300,0,349,0,0,1974.6
20250531,2,108,1565,300,0,429,0,0,2817.0
20250531,3,108,1501,300,500,462,0,0,2701.8
20250531,4,108,944,300,1000,215,0,0,1699.2
20250531,1,109,556,300,0,243,0,0,2502.0
20250531,2,109,870,300,0,340,0,0,3915.0
20250531,3,109,1088,300,500,436,0,0,4896.0
20250531,4,109,1075,300,0,378,0,0,4837.5
20250531,1,110,439,300,0,421,0,0,1207.25
20250531,2,110,473,300,0,249,0,0,1300.75
20250531,3,110,1644,300,500,341,0,0,4521.0
20250531,4,110,1251,300,0,321,0,0,3440.25
20250531,1,111,628,300,500,397,0,0,1946.8
20250531,2,111,1976,300,0,407,0,0,6125.6
20250531,3,111,957,300,0,244,0,0,2966.7
20250531,4,111,1157,300,0,270,0,0,3586.7
20250531,1,112,1111,300,0,391,0,0,6221.6
20250531,2,112,823,300,500,279,0,0,4608.8
20250531,3,112,1649,300,500,475,0,0,9234.4
20250531,4,112,666,300,1000,365,0,0,3729.6
20250531,1,113,1082,300,0,401,0,0,919.7
20250531,2,113,847,300,1000,235,0,0,719.95
20250531,3,113,1372,300,500,369,0,0,1166.2
20250531,4,113,1836,300,500,304,0,0,1560.6
20250531,1,114,1985,300,500,379,0,0,2779.0
20250531,2,114,1882,300,500,409,0,0,2634.8
20250531,3,114,1075,300,1000,415,0,0,1505.0
20250531,4,114,587,300,0,335,0,0,821.8
20250531,1,115,745,300,0,348,0,0,1713.5
20250531,2,115,939,300,0,333,0,0,2159.7
20250531,3,115,568,300,0,247,0,0,1306.4
20250531,4,115,647,300,500,462,0,0,1488.1
20250630,1,101,530,800,0,971,1,0,212.0
20250630,2,101,627,800,1000,1160,1,0,250.8
20250630,3,101,464,800,1000,818,1,0,185.6
20250630,4,101,1145,800,1000,1201,0,0,458.0
20250630,1,102,754,800,0,1091,1,0,414.7
20250630,2,102,766,800,0,740,1,0,421.3
20250630,3,102,997,800,500,1017,0,0,548.35
20250630,4,102,403,800,0,657,1,0,221.65
20250630,1,103,973,800,0,903,0,0,194.6
20250630,2,103,451,800,0,792,1,0,90.2
20250630,3,103,478,800,0,922,1,0,95.6
20250630,4,103,531,800,0,883,1,0,106.2
20250630,1,104,797,800,500,963,1,0,79.7
20250630,2,104,547,800,0,858,1,0,54.7
20250630,3,104,1060,800,1000,886,0,0,106.0
20250630,4,104,758,800,0,688,1,0,75.8
20250630,1,105,780,300,500,405,0,0,1638.0
20250630,2,105,794,300,0,439,0,0,1667.4
20250630,3,105,1285,300,0,414,0,0,2698.5
20250630,4,105,622,300,1000,355,0,0,1306.2
20250630,1,106,792,300,1000,425,0,0,2692.8
20250630,2,106,1534,300,0,232,0,0,5215.6
20250630,3,106,1055,300,0,221,0,0,3587.0
20250630,4,106,632,300,1000,210,0,0,2148.8
20250630,1,107,1253,300,0,228,0,0,1503.6
20250630,2,107,746,300,500,477,0,0,895.2
20250630,3,107,1777,300,1000,477,0,0,2132.4
20250630,4,107,1515,300,1000,481,0,0,1818.0
20250630,1,108,1053,300,0,454,0,0,1895.4
20250630,2,108,489,300,500,462,0,0,880.2
20250630,3,108,1325,300,0,241,0,0,2385.0
20250630,4,108,403,300,500,260,0,0,725.4
20250630,1,109,1497,300,0,228,0,0,6736.5
20250630,2,109,1278,300,0,218,0,0,5751.0
20250630,3,109,1513,300,500,224,0,0,6808.5
20250630,4,109,1625,300,0,445,0,0,7312.5
20250630,1,110,1306,300,1000,447,0,0,3591.5
20250630,2,110,816,300,0,485,0,0,2244.0
20250630,3,110,1603,300,1000,486,0,0,4408.25
20250630,4,110,913,300,0,417,0,0,2510.75
20250630,1,111,1409,300,500,224,0,0,4367.9
20250630,2,111,1921,300,0,401,0,0,5955.1
20250630,3,111,1279,300,500,379,0,0,3964.9
20250630,4,111,1776,300,0,357,0,0,5505.6
20250630,1,112,1193,300,0,210,0,0,6680.8
20250630,2,112,470,300,1000,252,0,0,2632.0
20250630,3,112,406,300,1000,233,0,0,2273.6
20250630,4,112,670,300,0,356,0,0,3752.0
20250630,1,113,1891,300,500,307,0,0,1607.35
20250630,2,113,852,300,500,369,0,0,724.2
20250630,3,113,1931,300,0,246,0,0,1641.35
20250630,4,113,779,300,0,437,0,0,662.15
20250630,1,114,1621,300,1000,474,0,0,2269.4
20250630,2,114,585,300,1000,311,0,0,819.0
20250630,3,114,1967,300,0,265,0,0,2753.8
20250630,4,114,752,300,0,439,0,0,1052.8
20250630,1,115,1478,300,0,432,0,0,3399.4
20250630,2,115,356,300,500,472,0,0,818.8
20250630,3,115,1302,300,500,213,0,0,2994.6
20250630,4,115,1978,300,500,244,0,0,4549.4
20250731,1,101,652,800,0,573,1,0,260.8
20250731,2,101,1251,800,1000,895,0,0,500.4
20250731,3,101,915,800,1000,773,0,0,366.0
20250731,4,101,1308,800,500,1223,0,0,523.2
20250731,1,102,210,800,500,954,1,0,115.5
20250731,2,102,398,800,500,781,1,0,218.9
20250731,3,102,807,800,1000,666,0,0,443.85
20250731,4,102,708,800,1000,836,1,0,389.4
20250731,1,103,796,800,1000,632,1,0,159.2
20250731,2,103,564,800,1000,1227,1,0,112.8
20250731,3,103,413,800,0,747,1,0,82.6
20250731,4,103,475,800,0,762,1,0,95.0
20250731,1,104,662,800,500,1091,1,0,66.2
20250731,2,104,863,800,0,1031,0,0,86.3
20250731,3,104,730,800,1000,645,1,0,73.0
20250731,4,104,1197,800,1000,727,0,0,119.7
20250731,1,105,746,300,500,379,0,0,1566.6
20250731,2,105,762,300,500,239,0,0,1600.2
20250731,3,105,1955,300,1000,335,0,0,4105.5
20250731,4,105,418,300,1000,365,0,0,877.8
20250731,1,106,1740,300,1000,367,0,0,5916.0
20250731,2,106,1856,300,500,359,0,0,6310.4
20250731,3,106,1264,300,500,383,0,0,4297.6
20250731,4,106,1888,300,0,225,0,0,6419.2
20250731,1,107,1672,300,1000,338,0,0,2006.4
20250731,2,107,659,300,1000,291,0,0,790.8
20250731,3,107,537,300,1000,384,0,0,644.4
20250731,4,107,1687,300,1000,360,0,0,2024.4
20250731,1,108,999,300,0,337,0,0,1798.2
20250731,2,108,457,300,0,480,0,0,822.6
20250731,3,108,920,300,0,456,0,0,1656.0
20250731,4,108,574,300,1000,417,0,0,1033.2
20250731,1,109,1079,300,0,469,0,0,4855.5
20250731,2,109,879,300,0,486,0,0,3955.5
20250731,3,109,1248,300,0,285,0,0,5616.0
20250731,4,109,355,300,500,220,0,0,1597.5
20250731,1,110,1636,300,0,318,0,0,4499.0
20250731,2,110,489,300,1000,314,0,0,1344.75
20250731,3,110,1960,300,0,486,0,0,5390.0
20250731,4,110,1777,300,0,421,0,0,4886.75
20250731,1,111,1934,300,0,397,0,0,5995.4
20250731,2,111,1835,300,0,341,0,0,5688.5
20250731,3,111,776,300,500,427,0,0,2405.6
20250731,4,111,591,300,0,311,0,0,1832.1
20250731,1,112,1340,300,0,486,0,0,7504.0
20250731,2,112,666,300,0,211,0,0,3729.6
20250731,3,112,1481,300,500,338,0,0,8293.6
20250731,4,112,1386,300,500,430,0,0,7761.6
20250731,1,113,585,300,500,275,0,0,497.25
20250731,2,113,1795,300,500,260,0,0,1525.75
20250731,3,113,1938,300,1000,316,0,0,1647.3
20250731,4,113,364,300,0,455,0,0,309.4
20250731,1,114,1033,300,1000,437,0,0,1446.2
20250731,2,114,785,300,1000,392,0,0,1099.0
20250731,3,114,444,300,0,218,0,0,621.6
20250731,4,114,900,300,0,439,0,0,1260.0
20250731,1,115,853,300,1000,304,0,0,1961.9
20250731,2,115,737,300,0,374,0,0,1695.1
20250731,3,115,1011,300,1000,415,0,0,2325.3
20250731,4,115,1447,300,500,382,0,0,3328.1
20250831,1,101,1108,800,1000,1127,0,0,443.2
20250831,2,101,256,800,1000,1116,1,0,102.4
20250831,3,101,1072,800,0,557,0,0,428.8
20250831,4,101,757,800,1000,611,1,0,302.8
20250831,1,102,769,800,0,718,1,0,422.95
20250831,2,102,1111,800,0,1254,0,0,611.05
20250831,3,102,768,800,0,1065,1,0,422.4
20250831,4,102,1199,800,500,1182,0,0,659.45
20250831,1,103,781,800,0,819,1,0,156.2
20250831,2,103,1096,800,0,1015,0,0,219.2
20250831,3,103,981,800,0,902,0,0,196.2
20250831,4,103,1138,800,1000,674,0,0,227.6
20250831,1,104,362,800,500,1182,1,0,36.2
20250831,2,104,1203,800,500,1139,0,0,120.3
20250831,3,104,865,800,500,1240,0,0,86.5
20250831,4,104,1227,800,1000,848,0,0,122.7
20250831,1,105,1422,300,0,291,0,0,2986.2
20250831,2,105,1454,300,1000,296,0,0,3053.4
20250831,3,105,911,300,0,346,0,0,1913.1
20250831,4,105,1090,300,0,385,0,0,2289.0
20250831,1,106,863,300,0,413,0,0,2934.2
20250831,2,106,1587,300,1000,258,0,0,5395.8
20250831,3,106,774,300,500,402,0,0,2631.6
20250831,4,106,702,300,0,387,0,0,2386.8
20250831,1,107,629,300,0,409,0,0,754.8
20250831,2,107,1530,300,0,244,0,0,1836.0
20250831,3,107,1503,300,0,214,0,0,1803.6
20250831,4,107,1780,300,0,269,0,0,2136.0
20250831,1,108,633,300,0,291,0,0,1139.4
20250831,2,108,909,300,500,468,0,0,1636.2
20250831,3,108,1069,300,1000,336,0,0,1924.2
20250831,4,108,1978,300,1000,229,0,0,3560.4
20250831,1,109,1715,300,500,240,0,0,7717.5
20250831,2,109,1301,300,1000,319,0,0,5854.5
20250831,3,109,957,300,500,326,0,0,4306.5
20250831,4,109,1556,300,0,371,0,0,7002.0
20250831,1,110,552,300,1000,401,0,0,1518.0
20250831,2,110,1862,300,500,313,0,0,5120.5
20250831,3,110,1687,300,1000,347,0,0,4639.25
20250831,4,110,1961,300,1000,420,0,0,5392.75
20250831,1,111,1168,300,500,438,0,0,3620.8
20250831,2,111,1823,300,1000,317,0,0,5651.3
20250831,3,111,865,300,1000,482,0,0,2681.5
20250831,4,111,445,300,500,245,0,0,1379.5
20250831,1,112,1374,300,500,447,0,0,7694.4
20250831,2,112,636,300,1000,297,0,0,3561.6
20250831,3,112,1006,300,0,229,0,0,5633.6
20250831,4,112,1094,300,0,290,0,0,6126.4
20250831,1,113,1626,300,1000,358,0,0,1382.1
20250831,2,113,1565,300,1000,488,0,0,1330.25
20250831,3,113,1308,300,500,293,0,0,1111.8
20250831,4,113,914,300,0,256,0,0,776.9
20250831,1,114,1232,300,0,402,0,0,1724.8
20250831,2,114,1484,300,500,403,0,0,2077.6
20250831,3,114,1198,300,0,376,0,0,1677.2
20250831,4,114,1448,300,1000,429,0,0,2027.2
20250831,1,115,825,300,1000,429,0,0,1897.5
20250831,2,115,914,300,0,227,0,0,2102.2
20250831,3,115,1989,300,1000,249,0,0,4574.7
20250831,4,115,1199,300,1000,266,0,0,2757.7
20250930,1,101,276,800,0,656,1,0,110.4
20250930,2,101,379,800,500,717,1,0,151.6
20250930,3,101,597,800,0,931,1,0,238.8
20250930,4,101,588,800,0,714,1,0,235.2
20250930,1,102,240,800,0,618,1,0,132.0
20250930,2,102,429,800,500,1021,1,0,235.95
20250930,3,102,1020,800,500,721,0,0,561.0
20250930,4,102,1289,800,500,787,0,0,708.95
20250930,1,103,1220,800,500,807,0,0,244.0
20250930,2,103,792,800,500,650,1,0,158.4
20250930,3,103,1004,800,0,787,0,0,200.8
20250930,4,103,766,800,0,836,1,0,153.2
20250930,1,104,1136,800,500,789,0,0,113.6
20250930,2,104,1271,800,0,768,0,0,127.1
20250930,3,104,1127,800,0,1008,0,0,112.7
20250930,4,104,1134,800,0,1012,0,0,113.4
20250930,1,105,1022,300,500,481,0,0,2146.2
20250930,2,105,1218,300,1000,482,0,0,2557.8
20250930,3,105,856,300,0,436,0,0,1797.6
20250930,4,105,1461,300,500,408,0,0,3068.1
20250930,1,106,1874,300,1000,396,0,0,6371.6
20250930,2,106,489,300,1000,392,0,0,1662.6
20250930,3,106,638,300,500,474,0,0,2169.2
20250930,4,106,1142,300,0,403,0,0,3882.8
20250930,1,107,1578,300,0,426,0,0,1893.6
20250930,2,107,1855,300,1000,246,0,0,2226.0
20250930,3,107,1219,300,500,387,0,0,1462.8
20250930,4,107,1212,300,0,375,0,0,1454.4
20250930,1,108,1155,300,500,248,0,0,2079.0
20250930,2,108,1425,300,500,444,0,0,2565.0
20250930,3,108,1343,300,1000,263,0,0,2417.4
20250930,4,108,1335,300,0,235,0,0,2403.0
20250930,1,109,358,300,0,393,0,0,1611.0
20250930,2,109,1362,300,0,379,0,0,6129.0
20250930,3,109,469,300,500,449,0,0,2110.5
20250930,4,109,1867,300,0,444,0,0,8401.5
20250930,1,110,734,300,1000,254,0,0,2018.5
20250930,2,110,613,300,0,427,0,0,1685.75
20250930,3,110,1991,300,500,388,0,0,5475.25
20250930,4,110,1521,300,0,387,0,0,4182.75
20250930,1,111,1070,300,1000,258,0,0,3317.0
20250930,2,111,974,300,500,326,0,0,3019.4
20250930,3,111,724,300,0,219,0,0,2244.4
20250930,4,111,1150,300,500,329,0,0,3565.0
20250930,1,112,794,300,0,378,0,0,4446.4
20250930,2,112,1738,300,500,220,0,0,9732.8
20250930,3,112,668,300,500,262,0,0,3740.8
20250930,4,112,619,300,1000,245,0,0,3466.4
20250930,1,113,842,300,0,477,0,0,715.7
20250930,2,113,379,300,0,225,0,0,322.15
20250930,3,113,1362,300,500,297,0,0,1157.7
20250930,4,113,1569,300,500,228,0,0,1333.65
20250930,1,114,910,300,0,227,0,0,1274.0
20250930,2,114,929,300,500,263,0,0,1300.6
20250930,3,114,1059,300,0,346,0,0,1482.6
20250930,4,114,1105,300,0,422,0,0,1547.0
20250930,1,115,1877,300,0,416,0,0,4317.1
20250930,2,115,855,300,0,354,0,0,1966.5
20250930,3,115,1546,300,1000,216,0,0,3555.8
20250930,4,115,892,300,500,211,0,0,2051.6
20251031,1,101,614,800,0,557,1,0,245.6
20251031,2,101,224,800,1000,888,1,0,89.6
20251031,3,101,1341,800,0,709,0,0,536.4
20251031,4,101,872,800,0,1215,0,0,348.8
20251031,1,102,464,800,1000,881,1,0,255.2
20251031,2,102,651,800,1000,854,1,0,358.05
20251031,3,102,902,800,500,857,0,0,496.1
20251031,4,102,332,800,1000,631,1,0,182.6
20251031,1,103,931,800,1000,1221,0,0,186.2
20251031,2,103,891,800,500,763,0,0,178.2
20251031,3,103,418,800,500,877,1,0,83.6
20251031,4,103,399,800,0,1194,1,0,79.8
20251031,1,104,1032,800,1000,616,0,0,103.2
20251031,2,104,705,800,0,1115,1,0,70.5
20251031,3,104,1381,800,0,977,0,0,138.1
20251031,4,104,567,800,1000,1049,1,0,56.7
20251031,1,105,634,300,0,306,0,0,1331.4
20251031,2,105,1664,300,0,268,0,0,3494.4
20251031,3,105,871,300,0,388,0,0,1829.1
20251031,4,105,1516,300,0,332,0,0,3183.6
20251031,1,106,1317,300,500,351,0,0,4477.8
20251031,2,106,939,300,1000,342,0,0,3192.6
20251031,3,106,790,300,0,442,0,0,2686.0
20251031,4,106,1584,300,0,271,0,0,5385.6
20251031,1,107,579,300,0,251,0,0,694.8
20251031,2,107,1254,300,500,377,0,0,1504.8
20251031,3,107,1511,300,500,298,0,0,1813.2
20251031,4,107,1717,300,0,475,0,0,2060.4
20251031,1,108,1992,300,0,233,0,0,3585.6
20251031,2,108,1864,300,0,327,0,0,3355.2
20251031,3,108,1729,300,0,485,0,0,3112.2
20251031,4,108,418,300,1000,449,0,0,752.4
20251031,1,109,1827,300,500,377,0,0,8221.5
20251031,2,109,443,300,0,410,0,0,1993.5
20251031,3,109,864,300,0,320,0,0,3888.0
20251031,4,109,791,300,1000,284,0,0,3559.5
20251031,1,110,864,300,0,440,0,0,2376.0
20251031,2,110,1883,300,1000,374,0,0,5178.25
20251031,3,110,867,300,0,253,0,0,2384.25
20251031,4,110,1906,300,0,386,0,0,5241.5
20251031,1,111,1299,300,0,256,0,0,4026.9
20251031,2,111,1254,300,1000,410,0,0,3887.4
20251031,3,111,839,300,500,254,0,0,2600.9
20251031,4,111,1391,300,0,447,0,0,4312.1
20251031,1,112,1388,300,1000,468,0,0,7772.8
20251031,2,112,1004,300,1000,239,0,0,5622.4
20251031,3,112,1582,300,0,262,0,0,8859.2
20251031,4,112,1887,300,500,271,0,0,10567.2
20251031,1,113,379,300,0,374,0,0,322.15
20251031,2,113,472,300,1000,269,0,0,401.2
20251031,3,113,637,300,500,354,0,0,541.45
20251031,4,113,1218,300,1000,470,0,0,1035.3
20251031,1,114,1027,300,500,322,0,0,1437.8
20251031,2,114,1479,300,1000,243,0,0,2070.6
20251031,3,114,689,300,500,479,0,0,964.6
20251031,4,114,1689,300,0,277,0,0,2364.6
20251031,1,115,911,300,1000,388,0,0,2095.3
20251031,2,115,801,300,0,409,0,0,1842.3
20251031,3,115,1125,300,500,391,0,0,2587.5
20251031,4,115,1907,300,1000,449,0,0,4386.1
20251130,1,101,705,800,500,1944,1,0,282.0
20251130,2,101,183,800,500,1205,1,0,73.2
20251130,3,101,572,800,0,1247,1,0,228.8
20251130,4,101,634,800,500,1434,1,0,253.6
20251130,1,102,463,800,0,1805,1,0,254.65
20251130,2,102,689,800,500,988,1,0,378.95
20251130,3,102,672,800,1000,1519,1,0,369.6
20251130,4,102,545,800,500,1674,1,0,299.75
20251130,1,103,747,800,500,1915,1,0,149.4
20251130,2,103,569,800,500,1773,1,0,113.8
20251130,3,103,123,800,0,1769,1,0,24.6
20251130,4,103,367,800,0,1379,1,0,73.4
20251130,1,104,464,800,0,1074,1,0,46.4
20251130,2,104,554,800,500,1458,1,0,55.4
20251130,3,104,267,800,0,874,1,0,26.7
20251130,4,104,289,800,0,1982,1,0,28.9
20251130,1,105,336,300,500,377,0,0,705.6
20251130,2,105,491,300,500,494,0,0,1031.1
20251130,3,105,854,300,500,711,0,0,1793.4
20251130,4,105,415,300,1000,623,0,0,871.5
20251130,1,106,451,300,1000,513,0,0,1533.4
20251130,2,106,243,300,500,367,1,0,826.2
20251130,3,106,354,300,1000,473,0,0,1203.6
20251130,4,106,256,300,0,613,1,0,870.4
20251130,1,107,723,300,0,580,0,0,867.6
20251130,2,107,440,300,1000,405,0,0,528.0
20251130,3,107,857,300,0,390,0,0,1028.4
20251130,4,107,890,300,0,498,0,0,1068.0
20251130,1,108,1045,300,0,475,0,0,1881.0
20251130,2,108,948,300,0,607,0,0,1706.4
20251130,3,108,379,300,500,350,0,0,682.2
20251130,4,108,998,300,500,590,0,0,1796.4
20251130,1,109,342,300,500,347,0,0,1539.0
20251130,2,109,1099,300,1000,639,0,0,4945.5
20251130,3,109,944,300,500,424,0,0,4248.0
20251130,4,109,253,300,1000,577,1,0,1138.5
20251130,1,110,431,300,500,672,0,0,1185.25
20251130,2,110,646,300,1000,643,0,0,1776.5
20251130,3,110,219,300,0,761,1,0,602.25
20251130,4,110,685,300,0,475,0,0,1883.75
20251130,1,111,641,300,1000,775,0,0,1987.1
20251130,2,111,617,300,500,644,0,0,1912.7
20251130,3,111,442,300,1000,752,0,0,1370.2
20251130,4,111,197,300,500,430,1,0,610.7
20251130,1,112,652,300,0,729,0,0,3651.2
20251130,2,112,1029,300,500,741,0,0,5762.4
20251130,3,112,210,300,500,486,1,0,1176.0
20251130,4,112,396,300,500,688,0,0,2217.6
20251130,1,113,673,300,0,591,0,0,572.05
20251130,2,113,1085,300,0,504,0,0,922.25
20251130,3,113,829,300,0,430,0,0,704.65
20251130,4,113,1068,300,0,482,0,0,907.8
20251130,1,114,1019,300,0,554,0,0,1426.6
20251130,2,114,904,300,500,657,0,0,1265.6
20251130,3,114,657,300,0,548,0,0,919.8
20251130,4,114,254,300,500,545,1,0,355.6
20251130,1,115,409,300,0,449,0,0,940.7
20251130,2,115,475,300,1000,522,0,0,1092.5
20251130,3,115,310,300,0,494,0,0,713.0
20251130,4,115,528,300,1000,374,0,0,1214.4
20251231,1,101,163,800,1000,1866,1,0,65.2
20251231,2,101,555,800,0,1442,1,0,222.0
20251231,3,101,728,800,1000,1736,1,0,291.2
20251231,4,101,695,800,1000,1949,1,0,278.0
20251231,1,102,300,800,500,1983,1,0,165.0
20251231,2,102,396,800,0,1732,1,0,217.8
20251231,3,102,515,800,0,1463,1,0,283.25
20251231,4,102,590,800,500,1344,1,0,324.5
20251231,1,103,207,800,0,1632,1,0,41.4
20251231,2,103,417,800,0,1843,1,0,83.4
20251231,3,103,718,800,0,1665,1,0,143.6
20251231,4,103,374,800,0,1491,1,0,74.8
20251231,1,104,723,800,0,1003,1,0,72.3
20251231,2,104,762,800,0,1172,1,0,76.2
20251231,3,104,583,800,0,1790,1,0,58.3
20251231,4,104,338,800,1000,1976,1,0,33.8
20251231,1,105,870,300,0,618,0,0,1827.0
20251231,2,105,879,300,0,376,0,0,1845.9
20251231,3,105,950,300,0,407,0,0,1995.0
20251231,4,105,1092,300,0,370,0,0,2293.2
20251231,1,106,434,300,0,560,0,0,1475.6
20251231,2,106,605,300,0,349,0,0,2057.0
20251231,3,106,898,300,0,443,0,0,3053.2
20251231,4,106,304,300,500,404,0,0,1033.6
20251231,1,107,274,300,0,444,1,0,328.8
20251231,2,107,636,300,0,640,0,0,763.2
20251231,3,107,520,300,0,601,0,0,624.0
20251231,4,107,392,300,0,411,0,0,470.4
20251231,1,108,243,300,0,445,1,0,437.4
20251231,2,108,810,300,1000,552,0,0,1458.0
20251231,3,108,231,300,0,417,1,0,415.8
20251231,4,108,584,300,0,738,0,0,1051.2
20251231,1,109,468,300,0,633,0,0,2106.0
20251231,2,109,706,300,1000,620,0,0,3177.0
20251231,3,109,641,300,0,339,0,0,2884.5
20251231,4,109,198,300,0,629,1,0,891.0
20251231,1,110,911,300,0,762,0,0,2505.25
20251231,2,110,616,300,500,713,0,0,1694.0
20251231,3,110,431,300,0,756,0,0,1185.25
20251231,4,110,540,300,0,451,0,0,1485.0
20251231,1,111,438,300,1000,386,0,0,1357.8
20251231,2,111,273,300,500,463,1,0,846.3
20251231,3,111,747,300,500,531,0,0,2315.7
20251231,4,111,322,300,0,544,0,0,998.2
20251231,1,112,897,300,0,738,0,0,5023.2
20251231,2,112,969,300,1000,340,0,0,5426.4
20251231,3,112,735,300,0,574,0,0,4116.0
20251231,4,112,402,300,0,714,0,0,2251.2
20251231,1,113,252,300,0,615,1,0,214.2
20251231,2,113,932,300,0,721,0,0,792.2
20251231,3,113,806,300,0,462,0,0,685.1
20251231,4,113,996,300,0,416,0,0,846.6
20251231,1,114,422,300,0,386,0,0,590.8
20251231,2,114,942,300,0,347,0,0,1318.8
20251231,3,114,868,300,0,415,0,0,1215.2
20251231,4,114,978,300,0,580,0,0,1369.2
20251231,1,115,348,300,500,419,0,0,800.4
20251231,2,115,700,300,1000,407,0,0,1610.0
20251231,3,115,358,300,0,732,0,0,823.4
20251231,4,115,291,300,0,386,1,0,669.3
